date,name,symbol,sector,open,high,low,close,volume
2014-04-10,Pentair plc.,PNR,Industrials,72.2918,72.346,70.5129,70.5491,1618185
2014-04-11,Pentair plc.,PNR,Industrials,70.1337,70.8199,69.3752,69.5738,1191195
2014-04-14,Pentair plc.,PNR,Industrials,70.1879,70.6394,69.5558,69.9079,1103350
2014-04-15,Pentair plc.,PNR,Industrials,70.1879,70.5581,68.8154,70.1879,797063
2014-04-16,Pentair plc.,PNR,Industrials,71.0005,72.2376,70.5175,72.2286,772773
2014-04-17,Pentair plc.,PNR,Industrials,72.5446,72.5446,71.8313,71.8313,1467826
2014-04-21,Pentair plc.,PNR,Industrials,71.8764,72.7523,71.6597,72.671,1211001
2014-04-22,Pentair plc.,PNR,Industrials,70.4317,70.5761,67.2261,67.6776,5360155
2014-04-23,Pentair plc.,PNR,Industrials,66.3277,68.8645,66.3005,68.1125,2610167
2014-04-24,Pentair plc.,PNR,Industrials,68.5112,68.5112,67.4964,67.8045,2000974
2014-04-25,Pentair plc.,PNR,Industrials,67.6233,67.9404,66.7716,66.8894,1443159
2014-04-28,Pentair plc.,PNR,Industrials,67.125,67.2428,65.1952,66.2371,2481246
2014-04-29,Pentair plc.,PNR,Industrials,66.5089,66.9528,65.911,66.681,1804501
2014-04-30,Pentair plc.,PNR,Industrials,66.6267,67.5146,66.2915,67.3062,1433689
2014-05-01,Pentair plc.,PNR,Industrials,67.3062,67.5146,66.7626,67.2337,1000515
2014-05-02,Pentair plc.,PNR,Industrials,67.4964,68.2847,67.2881,67.6776,1287553
2014-05-05,Pentair plc.,PNR,Industrials,67.2881,67.9811,66.9528,67.877,1187765
2014-05-06,Pentair plc.,PNR,Industrials,67.6867,68.1125,67.2428,67.8226,1215409
2014-05-07,Pentair plc.,PNR,Industrials,67.9132,68.2937,67.4829,68.0763,1679741
2014-05-08,Pentair plc.,PNR,Industrials,67.7954,68.8011,67.7818,68.4659,1161593
2014-05-09,Pentair plc.,PNR,Industrials,68.2756,68.4024,67.3515,67.9223,1247319
2014-05-12,Pentair plc.,PNR,Industrials,68.2575,69.2722,68.2575,69.2359,1440019
2014-05-13,Pentair plc.,PNR,Industrials,69.4081,69.6889,68.9551,69.1816,873481
2014-05-14,Pentair plc.,PNR,Industrials,68.9279,69.1816,68.0582,68.1488,636629
2014-05-15,Pentair plc.,PNR,Industrials,67.7592,67.8317,66.1647,67.134,1851213
2014-05-16,Pentair plc.,PNR,Industrials,66.6267,67.0978,65.9472,66.4636,1745293
2014-05-19,Pentair plc.,PNR,Industrials,66.3368,67.5599,66.0378,67.3696,851142
2014-05-20,Pentair plc.,PNR,Industrials,67.3696,67.4693,65.911,66.1556,903894
2014-05-21,Pentair plc.,PNR,Industrials,66.2462,67.0625,66.219,66.8441,934041
2014-05-22,Pentair plc.,PNR,Industrials,67.0887,67.5961,66.9075,67.134,672153
2014-05-23,Pentair plc.,PNR,Industrials,67.3424,67.7682,67.1522,67.6958,598320
2014-05-27,Pentair plc.,PNR,Industrials,68.1397,68.792,68.04,68.0763,1120503
2014-05-28,Pentair plc.,PNR,Industrials,68.2303,68.6742,67.5417,67.5961,822305
2014-05-29,Pentair plc.,PNR,Industrials,67.6686,67.8407,66.98,67.4058,967504
2014-05-30,Pentair plc.,PNR,Industrials,67.3334,67.6776,66.7898,67.6233,1533512
2014-06-02,Pentair plc.,PNR,Industrials,67.7592,67.9857,66.9846,67.9132,672450
2014-06-03,Pentair plc.,PNR,Industrials,67.7139,67.886,67.0253,67.3062,659163
2014-06-04,Pentair plc.,PNR,Industrials,67.1975,67.7954,67.1612,67.5327,944467
2014-06-05,Pentair plc.,PNR,Industrials,67.877,69.2994,67.4511,69.0185,1087107
2014-06-06,Pentair plc.,PNR,Industrials,69.1544,70.1601,69.1544,70.1238,617696
2014-06-09,Pentair plc.,PNR,Industrials,69.9698,71.7546,69.9517,71.1204,991238
2014-06-10,Pentair plc.,PNR,Industrials,70.8849,71.057,70.5859,70.7218,671873
2014-06-11,Pentair plc.,PNR,Industrials,70.3775,70.5687,69.9789,70.1419,774653
2014-06-12,Pentair plc.,PNR,Industrials,70.1057,70.3231,68.0921,68.2665,1265818
2014-06-13,Pentair plc.,PNR,Industrials,68.2847,68.4749,67.8588,68.1125,783015
2014-06-16,Pentair plc.,PNR,Industrials,68.04,68.783,67.8951,68.3843,1200245
2014-06-17,Pentair plc.,PNR,Industrials,68.0853,68.638,67.9947,68.3662,1298524
2014-06-18,Pentair plc.,PNR,Industrials,68.4749,68.5746,67.3071,67.8588,951344
2014-06-19,Pentair plc.,PNR,Industrials,67.8951,67.8951,67.2428,67.6505,1647678
2014-06-20,Pentair plc.,PNR,Industrials,67.7864,68.484,67.6142,68.2847,1600450
2014-06-23,Pentair plc.,PNR,Industrials,68.2847,68.5021,68.1578,68.33,673247
2014-06-24,Pentair plc.,PNR,Industrials,68.5112,68.5836,67.8588,67.8951,1042332
2014-06-25,Pentair plc.,PNR,Industrials,67.7048,67.8317,66.9257,67.1703,1378403
2014-06-26,Pentair plc.,PNR,Industrials,66.971,67.1522,66.1465,66.2915,1293532
2014-06-27,Pentair plc.,PNR,Industrials,65.8838,66.2734,65.5667,65.92,2021876
2014-06-30,Pentair plc.,PNR,Industrials,65.8113,66.4659,65.168,65.3402,2119027
2014-07-01,Pentair plc.,PNR,Industrials,65.7479,65.9291,65.1499,65.6845,1460392
2014-07-02,Pentair plc.,PNR,Industrials,65.4851,65.8113,65.0956,65.1409,1402660
2014-07-03,Pentair plc.,PNR,Industrials,65.5395,65.8928,65.3039,65.4127,766645
2014-07-07,Pentair plc.,PNR,Industrials,65.168,65.2133,64.2539,64.3708,1642317
2014-07-08,Pentair plc.,PNR,Industrials,64.3255,64.3708,63.4285,63.6369,1669116
2014-07-09,Pentair plc.,PNR,Industrials,63.8815,64.4251,63.7275,64.2983,2190367
2014-07-10,Pentair plc.,PNR,Industrials,63.501,64.1352,63.1114,63.8544,1186522
2014-07-11,Pentair plc.,PNR,Industrials,64.0356,64.3255,63.4285,64.1805,1253378
2014-07-14,Pentair plc.,PNR,Industrials,64.7785,65.6392,64.6244,65.4489,2680270
2014-07-15,Pentair plc.,PNR,Industrials,65.2315,65.8204,64.8238,65.6845,2204925
2014-07-16,Pentair plc.,PNR,Industrials,66.0469,66.7082,65.7116,66.3368,1883547
2014-07-17,Pentair plc.,PNR,Industrials,66.0922,66.0922,64.715,64.8419,1750688
2014-07-18,Pentair plc.,PNR,Industrials,64.9687,65.6573,64.8238,65.5757,1866945
2014-07-21,Pentair plc.,PNR,Industrials,65.4036,66.1375,65.168,65.7751,984501
2014-07-22,Pentair plc.,PNR,Industrials,66.1556,66.2915,65.5304,65.612,1280894
2014-07-23,Pentair plc.,PNR,Industrials,65.7303,65.8795,65.2208,65.3573,812307
2014-07-24,Pentair plc.,PNR,Industrials,65.2845,65.7758,65.1662,65.3027,1200511
2014-07-25,Pentair plc.,PNR,Industrials,65.1844,65.9213,65.1389,65.7485,765591
2014-07-28,Pentair plc.,PNR,Industrials,65.6666,65.6734,64.7841,65.3209,688197
2014-07-29,Pentair plc.,PNR,Industrials,65.2208,65.5119,63.6378,63.6469,1113480
2014-07-30,Pentair plc.,PNR,Industrials,63.838,63.9471,62.8918,63.3103,2076619
2014-07-31,Pentair plc.,PNR,Industrials,60.0443,61.1178,57.8517,58.2884,7434445
2014-08-01,Pentair plc.,PNR,Industrials,57.9973,59.5257,57.9154,59.2073,3161239
2014-08-04,Pentair plc.,PNR,Industrials,57.9973,59.5257,57.9154,59.2073,3161239
2014-08-05,Pentair plc.,PNR,Industrials,58.9253,59.7531,58.6159,58.8707,2347891
2014-08-06,Pentair plc.,PNR,Industrials,58.0792,59.553,58.0792,59.2073,1984277
2014-08-07,Pentair plc.,PNR,Industrials,59.6076,60.7084,59.5985,60.5446,2386903
2014-08-08,Pentair plc.,PNR,Industrials,61.7273,61.7819,61.1906,61.3088,985397
2014-08-11,Pentair plc.,PNR,Industrials,61.6818,62.537,61.6546,62.1913,1865609
2014-08-12,Pentair plc.,PNR,Industrials,61.8638,62.8691,61.8638,62.2732,1264019
2014-08-13,Pentair plc.,PNR,Industrials,62.5734,62.8554,62.1822,62.346,1270899
2014-08-14,Pentair plc.,PNR,Industrials,62.5461,62.8099,62.1731,62.3187,1289169
2014-08-15,Pentair plc.,PNR,Industrials,62.6462,62.6507,61.1951,61.8092,2238478
2014-08-18,Pentair plc.,PNR,Industrials,62.2459,63.3285,62.2459,63.1284,1428160
2014-08-19,Pentair plc.,PNR,Industrials,63.2284,63.8653,63.2102,63.5287,1348959
2014-08-20,Pentair plc.,PNR,Industrials,63.4013,64.0927,63.4013,63.6924,1419116
2014-08-21,Pentair plc.,PNR,Industrials,63.8562,63.9835,63.4286,63.7015,960670
2014-08-22,Pentair plc.,PNR,Industrials,63.4377,63.6469,62.9191,63.1375,1422875
2014-08-25,Pentair plc.,PNR,Industrials,63.4104,63.9653,63.2193,63.5832,782959
2014-08-26,Pentair plc.,PNR,Industrials,63.7015,63.9744,62.4551,62.4915,1347652
2014-08-27,Pentair plc.,PNR,Industrials,62.628,62.8827,62.2641,62.446,976702
2014-08-28,Pentair plc.,PNR,Industrials,62.1276,62.4824,61.7546,62.3278,690614
2014-08-29,Pentair plc.,PNR,Industrials,62.4097,62.4369,61.509,61.9275,1280992
2014-09-02,Pentair plc.,PNR,Industrials,61.9366,62.0912,61.2452,61.5818,2233131
2014-09-03,Pentair plc.,PNR,Industrials,62.0003,62.0912,61.1041,61.4544,936790
2014-09-04,Pentair plc.,PNR,Industrials,61.7637,61.9275,60.8722,60.9631,1434005
2014-09-05,Pentair plc.,PNR,Industrials,61.0177,61.2861,60.2899,61.2452,1747371
2014-09-08,Pentair plc.,PNR,Industrials,61.0723,61.4089,60.6538,60.8813,1125540
2014-09-09,Pentair plc.,PNR,Industrials,60.954,61.4726,60.7266,61.2452,5711129
2014-09-10,Pentair plc.,PNR,Industrials,61.1633,61.5317,60.6584,61.1269,1297658
2014-09-11,Pentair plc.,PNR,Industrials,60.954,61.8092,60.7903,61.6727,1095967
2014-09-12,Pentair plc.,PNR,Industrials,61.7273,61.7819,61.1906,61.3088,985397
2014-09-15,Pentair plc.,PNR,Industrials,61.1451,61.6818,60.8449,61.2543,885128
2014-09-16,Pentair plc.,PNR,Industrials,61.0723,61.509,60.7448,61.2815,869439
2014-09-17,Pentair plc.,PNR,Industrials,61.4089,61.9002,61.0632,61.2815,1048187
2014-09-18,Pentair plc.,PNR,Industrials,61.6091,61.8183,61.2906,61.5818,753099
2014-09-19,Pentair plc.,PNR,Industrials,61.9639,62.1367,61.2997,61.7728,1839160
2014-09-22,Pentair plc.,PNR,Industrials,61.509,61.5727,60.7994,61.0177,2156170
2014-09-23,Pentair plc.,PNR,Industrials,60.6447,61.136,60.4992,60.7812,1621409
2014-09-24,Pentair plc.,PNR,Industrials,60.581,61.2634,60.2626,61.2088,1335222
2014-09-25,Pentair plc.,PNR,Industrials,61.1633,61.1633,60.763,60.763,2213873
2014-09-26,Pentair plc.,PNR,Industrials,60.7539,61.509,60.481,61.327,1721782
2014-09-29,Pentair plc.,PNR,Industrials,60.672,60.672,59.735,60.1989,1776186
2014-09-30,Pentair plc.,PNR,Industrials,60.299,60.481,59.4529,59.5803,2596745
2014-10-01,Pentair plc.,PNR,Industrials,59.4984,59.7622,58.6796,58.7797,2621259
2014-10-02,Pentair plc.,PNR,Industrials,58.6068,59.0435,58.4067,58.8252,2270277
2014-10-03,Pentair plc.,PNR,Industrials,59.2801,59.3801,58.7706,59.2619,1284465
2014-10-06,Pentair plc.,PNR,Industrials,59.4893,59.9533,59.2528,59.4438,795224
2014-10-07,Pentair plc.,PNR,Industrials,58.8161,59.1982,58.0883,58.0883,1217454
2014-10-08,Pentair plc.,PNR,Industrials,58.1611,59.089,57.6516,59.0253,1778659
2014-10-09,Pentair plc.,PNR,Industrials,58.8616,58.898,56.9791,57.0602,1560407
2014-10-10,Pentair plc.,PNR,Industrials,57.0148,57.4242,56.2051,56.5417,2205926
2014-10-13,Pentair plc.,PNR,Industrials,56.9784,57.2422,55.7229,55.7775,2443739
2014-10-14,Pentair plc.,PNR,Industrials,55.9958,57.1512,55.8412,56.2324,2100149
2014-10-15,Pentair plc.,PNR,Industrials,55.2953,56.3324,53.7578,55.359,3356664
2014-10-16,Pentair plc.,PNR,Industrials,54.3468,56.6302,54.3468,56.2299,3330007
2014-10-17,Pentair plc.,PNR,Industrials,56.7964,58.2884,56.76,57.9882,2827242
2014-10-20,Pentair plc.,PNR,Industrials,57.8154,58.6705,57.7062,58.434,2630815
2014-10-21,Pentair plc.,PNR,Industrials,59.9442,60.4719,59.0435,59.1345,3509181
2014-10-22,Pentair plc.,PNR,Industrials,59.4426,60.2926,59.0679,59.0953,2387385
2014-10-23,Pentair plc.,PNR,Industrials,59.799,61.2705,59.799,60.6399,1586036
2014-10-24,Pentair plc.,PNR,Industrials,60.6856,61.307,60.384,61.17,1010662
2014-10-27,Pentair plc.,PNR,Industrials,60.8501,61.0329,60.1829,60.3657,1605972
2014-10-28,Pentair plc.,PNR,Industrials,60.8958,61.5355,60.192,61.5355,1614107
2014-10-29,Pentair plc.,PNR,Industrials,61.7275,61.7275,60.4845,61.0968,810973
2014-10-30,Pentair plc.,PNR,Industrials,61.9651,62.614,61.7183,62.55,751403
2014-10-31,Pentair plc.,PNR,Industrials,62.221,62.3124,61.0603,61.2796,1457651
2014-11-03,Pentair plc.,PNR,Industrials,61.4624,61.6361,60.7404,60.9872,1161864
2014-11-04,Pentair plc.,PNR,Industrials,60.9872,60.9872,59.9636,60.4754,1422044
2014-11-05,Pentair plc.,PNR,Industrials,61.0511,61.4533,60.4022,61.3802,858094
2014-11-06,Pentair plc.,PNR,Industrials,61.5081,62.1296,61.1974,62.0382,1047770
2014-11-07,Pentair plc.,PNR,Industrials,62.0839,62.2437,61.7914,62.221,759168
2014-11-10,Pentair plc.,PNR,Industrials,62.2484,62.6048,62.0473,62.4129,688565
2014-11-11,Pentair plc.,PNR,Industrials,62.3764,62.6048,61.892,62.2575,704173
2014-11-12,Pentair plc.,PNR,Industrials,61.9651,62.614,61.7183,62.55,751403
2014-11-13,Pentair plc.,PNR,Industrials,62.4952,62.9887,62.1707,62.5774,2209408
2014-11-14,Pentair plc.,PNR,Industrials,62.285,63.1898,62.2027,62.7511,1849442
2014-11-17,Pentair plc.,PNR,Industrials,62.8973,63.3451,62.3252,63.0618,1161621
2014-11-18,Pentair plc.,PNR,Industrials,63.0161,63.2446,62.5226,62.614,1035713
2014-11-19,Pentair plc.,PNR,Industrials,61.4898,62.0565,61.2888,61.9651,713172
2014-11-20,Pentair plc.,PNR,Industrials,61.4898,62.0565,61.2888,61.9651,713661
2014-11-21,Pentair plc.,PNR,Industrials,62.8333,63.1075,62.4403,62.6688,690877
2014-11-24,Pentair plc.,PNR,Industrials,62.8973,63.0801,62.55,62.8973,878747
2014-11-25,Pentair plc.,PNR,Industrials,63.0618,63.4,62.9978,63.1349,1118982
2014-11-26,Pentair plc.,PNR,Industrials,63.2446,63.2446,62.1113,62.1753,680359
2014-11-28,Pentair plc.,PNR,Industrials,61.828,61.828,58.8211,59.141,1315253
2014-12-01,Pentair plc.,PNR,Industrials,58.5652,58.5652,56.5454,57.3497,3412252
2014-12-02,Pentair plc.,PNR,Industrials,57.0938,57.5051,56.2164,57.4045,3051743
2014-12-03,Pentair plc.,PNR,Industrials,57.5873,58.9582,57.3224,58.8668,1433850
2014-12-04,Pentair plc.,PNR,Industrials,58.9125,59.0131,58.3824,58.6658,952448
2014-12-05,Pentair plc.,PNR,Industrials,57.8067,58.4373,57.5965,57.7701,1084121
2014-12-08,Pentair plc.,PNR,Industrials,57.7518,57.7518,55.9788,56.1433,1073512
2014-12-09,Pentair plc.,PNR,Industrials,55.4304,57.3862,55.3116,57.3497,1404284
2014-12-10,Pentair plc.,PNR,Industrials,57.304,57.304,55.5401,55.5858,1934947
2014-12-11,Pentair plc.,PNR,Industrials,55.7869,56.8379,55.5858,56.0793,1382463
2014-12-12,Pentair plc.,PNR,Industrials,55.4121,55.9331,54.8455,54.8546,1256759
2014-12-15,Pentair plc.,PNR,Industrials,54.946,55.3299,54.3611,54.6901,1324818
2014-12-16,Pentair plc.,PNR,Industrials,54.5348,56.4358,54.5348,55.7137,2163982
2014-12-17,Pentair plc.,PNR,Industrials,55.86,58.291,55.7594,58.2271,3224152
2014-12-18,Pentair plc.,PNR,Industrials,59.1776,59.5157,57.5416,59.4426,2567296
2014-12-19,Pentair plc.,PNR,Industrials,59.6437,60.9598,59.3695,60.8775,2938487
2014-12-22,Pentair plc.,PNR,Industrials,60.4845,61.17,60.2469,61.106,1234198
2014-12-23,Pentair plc.,PNR,Industrials,61.4716,61.9194,61.1791,61.307,929339
2014-12-24,Pentair plc.,PNR,Industrials,61.3619,61.5538,61.0968,61.2248,369931
2014-12-26,Pentair plc.,PNR,Industrials,61.4259,61.6178,61.1792,61.3436,397969
2014-12-29,Pentair plc.,PNR,Industrials,61.3436,61.6818,61.1791,61.4624,739883
2014-12-30,Pentair plc.,PNR,Industrials,61.5721,61.5721,61.0603,61.3527,827953
2014-12-31,Pentair plc.,PNR,Industrials,61.2522,61.6726,60.6033,60.7038,1033224
2015-01-02,Pentair plc.,PNR,Industrials,61.0329,61.4076,60.5576,60.9415,1573796
2015-01-05,Pentair plc.,PNR,Industrials,60.5576,60.5576,58.2636,58.4556,1744291
2015-01-06,Pentair plc.,PNR,Industrials,58.6932,59.141,57.2857,57.9529,1962961
2015-01-07,Pentair plc.,PNR,Industrials,58.4921,58.6723,57.8706,58.3916,1183627
2015-01-08,Pentair plc.,PNR,Industrials,58.5744,59.9179,58.5288,59.9087,1538323
2015-01-09,Pentair plc.,PNR,Industrials,60.0367,60.1006,59.4061,59.5157,1377942
2015-01-12,Pentair plc.,PNR,Industrials,59.2141,59.598,58.6109,59.0679,1405985
2015-01-13,Pentair plc.,PNR,Industrials,59.5523,60.1738,58.3276,59.4061,2040720
2015-01-14,Pentair plc.,PNR,Industrials,58.3733,59.863,58.3733,59.6894,2235763
2015-01-15,Pentair plc.,PNR,Industrials,60.1281,60.8318,59.2964,59.3695,2225137
2015-01-16,Pentair plc.,PNR,Industrials,59.3238,59.4517,58.1265,58.9308,2835899
2015-01-20,Pentair plc.,PNR,Industrials,59.2415,59.4609,58.5104,59.2507,1685456
2015-01-21,Pentair plc.,PNR,Industrials,59.0953,60.7952,59.0953,60.6033,1463225
2015-01-22,Pentair plc.,PNR,Industrials,60.4845,60.978,59.6894,60.6033,1953243
2015-01-23,Pentair plc.,PNR,Industrials,60.2834,60.5119,58.3367,58.7206,2254901
2015-01-26,Pentair plc.,PNR,Industrials,58.8211,59.0679,58.1814,58.4738,1310007
2015-01-27,Pentair plc.,PNR,Industrials,57.6147,58.2271,56.7008,57.304,1675675
2015-01-28,Pentair plc.,PNR,Industrials,57.5704,57.8754,56.3211,56.367,1633521
2015-01-29,Pentair plc.,PNR,Industrials,56.2935,57.5153,55.7883,57.2948,2648849
2015-01-30,Pentair plc.,PNR,Industrials,56.9274,57.1846,56.1833,56.7804,2337724
2015-02-02,Pentair plc.,PNR,Industrials,57.2581,59.0586,57.1249,59.0494,2291099
2015-02-03,Pentair plc.,PNR,Industrials,58.5901,60.7029,58.5901,60.3447,2306935
2015-02-04,Pentair plc.,PNR,Industrials,59.3526,59.4536,58.0619,58.3604,2209816
2015-02-05,Pentair plc.,PNR,Industrials,58.6911,58.7922,58.2961,58.7463,1275878
2015-02-06,Pentair plc.,PNR,Industrials,58.9208,59.2746,58.7095,59.0862,1990624
2015-02-09,Pentair plc.,PNR,Industrials,58.9851,60.2252,58.9851,60.1426,1506924
2015-02-10,Pentair plc.,PNR,Industrials,60.556,60.8499,59.0724,59.7567,1632483
2015-02-11,Pentair plc.,PNR,Industrials,59.5087,59.9313,59.0586,59.3801,871218
2015-02-12,Pentair plc.,PNR,Industrials,59.8394,60.4641,59.6741,60.4273,987989
2015-02-13,Pentair plc.,PNR,Industrials,59.5455,61.7318,59.3893,61.4287,1541686
2015-02-17,Pentair plc.,PNR,Industrials,61.3092,61.7134,60.5835,61.6032,1107687
2015-02-18,Pentair plc.,PNR,Industrials,61.7318,62.3932,61.2725,61.4195,1094783
2015-02-19,Pentair plc.,PNR,Industrials,61.1163,61.7502,60.9234,61.5021,844766
2015-02-20,Pentair plc.,PNR,Industrials,61.4378,62.6872,60.8958,62.4943,1173533
2015-02-23,Pentair plc.,PNR,Industrials,62.4667,62.5586,61.1163,61.5021,886835
2015-02-24,Pentair plc.,PNR,Industrials,61.4103,62.3105,61.2817,62.1268,795975
2015-02-25,Pentair plc.,PNR,Industrials,62.0809,62.4667,61.7042,62.0441,683588
2015-02-26,Pentair plc.,PNR,Industrials,61.9339,62.2554,61.447,61.8604,865322
2015-02-27,Pentair plc.,PNR,Industrials,61.8512,62.1176,60.951,61.0612,1204703
2015-03-02,Pentair plc.,PNR,Industrials,61.2174,61.2982,60.556,60.8224,1141268
2015-03-03,Pentair plc.,PNR,Industrials,60.3998,60.8407,60.2987,60.51,1098362
2015-03-04,Pentair plc.,PNR,Industrials,60.2161,60.2712,58.9116,59.1505,1495235
2015-03-05,Pentair plc.,PNR,Industrials,59.2699,59.573,59.0218,59.5271,903611
2015-03-06,Pentair plc.,PNR,Industrials,58.9116,59.5179,58.0205,58.2502,1050335
2015-03-09,Pentair plc.,PNR,Industrials,58.2502,59.0862,57.9103,59.0218,1343239
2015-03-10,Pentair plc.,PNR,Industrials,58.3604,58.7095,57.6898,57.745,984544
2015-03-11,Pentair plc.,PNR,Industrials,57.8827,57.9305,56.9733,57.4142,1066744
2015-03-12,Pentair plc.,PNR,Industrials,57.7817,59.132,57.6072,58.9667,1305370
2015-03-13,Pentair plc.,PNR,Industrials,58.783,58.783,57.993,58.5717,1173633
2015-03-16,Pentair plc.,PNR,Industrials,58.7738,59.3801,58.2778,59.2423,1362030
2015-03-17,Pentair plc.,PNR,Industrials,58.9116,59.6603,58.741,59.3526,1573590
2015-03-18,Pentair plc.,PNR,Industrials,58.9392,61.2633,58.2594,60.6846,2340409
2015-03-19,Pentair plc.,PNR,Industrials,60.1609,60.1701,58.4799,59.1413,1784949
2015-03-20,Pentair plc.,PNR,Industrials,59.1964,59.5638,58.8289,59.3801,3433595
2015-03-23,Pentair plc.,PNR,Industrials,59.3342,59.472,58.8198,58.8749,946890
2015-03-24,Pentair plc.,PNR,Industrials,58.8197,59.0988,58.4523,58.9851,743762
2015-03-25,Pentair plc.,PNR,Industrials,59.0218,59.1008,57.7082,57.7082,739777
2015-03-26,Pentair plc.,PNR,Industrials,57.2305,58.1032,57.2213,57.745,1265225
2015-03-27,Pentair plc.,PNR,Industrials,57.5612,57.5612,57.0101,57.3132,1022861
2015-03-30,Pentair plc.,PNR,Industrials,57.598,58.4338,57.598,58.3604,765369
2015-03-31,Pentair plc.,PNR,Industrials,58.0573,58.0573,57.2305,57.7725,1184278
2015-04-01,Pentair plc.,PNR,Industrials,57.6072,58.3145,56.932,57.8644,1130752
2015-04-02,Pentair plc.,PNR,Industrials,57.7817,59.0218,57.5429,58.489,1315180
2015-04-06,Pentair plc.,PNR,Industrials,58.241,61.1071,58.1308,60.3447,2001123
2015-04-07,Pentair plc.,PNR,Industrials,60.2069,60.3355,59.1596,59.2148,749131
2015-04-08,Pentair plc.,PNR,Industrials,56.2017,57.7082,55.9353,57.1478,3757424
2015-04-09,Pentair plc.,PNR,Industrials,56.9457,57.451,56.5507,57.2581,951330
2015-04-10,Pentair plc.,PNR,Industrials,57.4877,57.7909,56.8906,57.5612,765853
2015-04-13,Pentair plc.,PNR,Industrials,56.9182,57.8644,56.909,57.4786,1242704
2015-04-14,Pentair plc.,PNR,Industrials,57.4234,58.6544,57.1938,58.5533,1322586
2015-04-15,Pentair plc.,PNR,Industrials,58.783,59.9497,58.4615,59.6006,1476789
2015-04-16,Pentair plc.,PNR,Industrials,59.4169,59.72,59.0035,59.3801,906288
2015-04-17,Pentair plc.,PNR,Industrials,58.7646,58.8565,58.1216,58.4156,1182436
2015-04-20,Pentair plc.,PNR,Industrials,58.8014,59.1505,58.2778,58.8014,1353461
2015-04-21,Pentair plc.,PNR,Industrials,57.8001,57.8644,56.4864,56.7436,4255112
2015-04-22,Pentair plc.,PNR,Industrials,56.6144,56.6144,55.3309,55.8757,3175543
2015-04-23,Pentair plc.,PNR,Industrials,55.9126,56.9561,55.6449,56.6052,2055327
2015-04-24,Pentair plc.,PNR,Industrials,56.4759,57.0484,56.402,56.8083,6851896
2015-04-27,Pentair plc.,PNR,Industrials,56.9284,58.0826,56.9284,57.7133,1715196
2015-04-28,Pentair plc.,PNR,Industrials,57.5009,57.7502,57.1315,57.6579,1089525
2015-04-29,Pentair plc.,PNR,Industrials,57.3254,58.2673,56.9376,57.8702,1156948
2015-04-30,Pentair plc.,PNR,Industrials,57.4824,57.9995,57.0484,57.3901,1632241
2015-05-01,Pentair plc.,PNR,Industrials,57.704,58.0457,57.2054,57.3716,1138570
2015-05-04,Pentair plc.,PNR,Industrials,57.5378,57.9903,57.2608,57.5932,940331
2015-05-05,Pentair plc.,PNR,Industrials,57.6209,58.5259,56.9838,57.0669,695176
2015-05-06,Pentair plc.,PNR,Industrials,57.5286,57.6302,56.7529,57.2516,856754
2015-05-07,Pentair plc.,PNR,Industrials,57.1869,57.27,56.6329,57.2054,791728
2015-05-08,Pentair plc.,PNR,Industrials,57.8241,58.0642,57.2959,57.3254,877138
2015-05-11,Pentair plc.,PNR,Industrials,57.427,57.8887,57.2331,57.3993,580084
2015-05-12,Pentair plc.,PNR,Industrials,57.2331,58.0272,57.1223,57.8702,704259
2015-05-13,Pentair plc.,PNR,Industrials,58.0549,58.6736,57.8425,58.3966,1089922
2015-05-14,Pentair plc.,PNR,Industrials,58.8121,59.5601,58.8121,59.3939,914489
2015-05-15,Pentair plc.,PNR,Industrials,59.3939,59.4123,58.7752,59.0984,1327919
2015-05-18,Pentair plc.,PNR,Industrials,59.0984,59.3292,58.8583,59.0984,861607
2015-05-19,Pentair plc.,PNR,Industrials,59.2,59.3108,58.8306,59.1445,943229
2015-05-20,Pentair plc.,PNR,Industrials,59.2369,59.5139,58.886,59.2738,1069161
2015-05-21,Pentair plc.,PNR,Industrials,59.4216,60.9267,59.2923,60.8898,1594796
2015-05-22,Pentair plc.,PNR,Industrials,60.779,60.779,59.6709,60.0403,1269258
2015-05-26,Pentair plc.,PNR,Industrials,59.8556,59.9258,58.9229,59.5047,1484077
2015-05-27,Pentair plc.,PNR,Industrials,59.7078,59.874,59.2461,59.6894,1327491
2015-05-28,Pentair plc.,PNR,Industrials,59.3292,59.7448,59.1723,59.5416,609401
2015-05-29,Pentair plc.,PNR,Industrials,59.2831,59.5139,58.9691,59.1261,1833770
2015-06-01,Pentair plc.,PNR,Industrials,59.32,59.4123,58.5443,58.6274,1010350
2015-06-02,Pentair plc.,PNR,Industrials,58.3596,59.5139,58.2765,58.9691,723356
2015-06-03,Pentair plc.,PNR,Industrials,59.006,59.4954,58.6182,58.8029,678357
2015-06-04,Pentair plc.,PNR,Industrials,58.3966,58.5166,57.2977,57.3993,972245
2015-06-05,Pentair plc.,PNR,Industrials,57.3531,57.6302,56.9099,57.6025,609650
2015-06-08,Pentair plc.,PNR,Industrials,57.427,57.5932,56.7991,56.8268,666898
2015-06-09,Pentair plc.,PNR,Industrials,56.8637,57.427,56.3651,56.5313,1092880
2015-06-10,Pentair plc.,PNR,Industrials,56.9376,57.3162,56.6606,57.2054,976388
2015-06-11,Pentair plc.,PNR,Industrials,57.3808,57.4824,56.8268,57.427,737898
2015-06-12,Pentair plc.,PNR,Industrials,57.3162,57.5193,57.0392,57.3347,803908
2015-06-15,Pentair plc.,PNR,Industrials,56.9191,57.0207,56.2081,56.3928,855974
2015-06-16,Pentair plc.,PNR,Industrials,56.2727,56.8822,56.0049,56.873,583070
2015-06-17,Pentair plc.,PNR,Industrials,56.9099,57.0946,56.1342,56.6052,1017758
2015-06-18,Pentair plc.,PNR,Industrials,56.8453,57.2054,56.5498,57.0022,916403
2015-06-19,Pentair plc.,PNR,Industrials,56.7899,57.0299,56.5405,56.7067,1040546
2015-06-22,Pentair plc.,PNR,Industrials,57.1223,57.4455,56.7806,57.3901,1187650
2015-06-23,Pentair plc.,PNR,Industrials,57.3716,58.0549,57.2608,58.0088,843299
2015-06-24,Pentair plc.,PNR,Industrials,57.861,59.0799,57.741,58.9137,2190954
2015-06-25,Pentair plc.,PNR,Industrials,58.8491,59.1168,58.3366,58.8029,3015314
2015-06-26,Pentair plc.,PNR,Industrials,58.8952,59.0614,58.5536,58.8675,1743309
2015-06-29,Pentair plc.,PNR,Industrials,58.2858,59.6432,58.1842,59.4954,3966626
2015-06-30,Pentair plc.,PNR,Industrials,62.4688,64.0479,61.8779,63.4846,6779079
2015-07-01,Pentair plc.,PNR,Industrials,63.7339,64.3157,63.0968,63.4477,2154572
2015-07-02,Pentair plc.,PNR,Industrials,63.7062,63.7893,62.5058,62.7366,1401652
2015-07-06,Pentair plc.,PNR,Industrials,62.0071,62.5889,60.7605,60.9914,2183045
2015-07-07,Pentair plc.,PNR,Industrials,60.9914,61.4346,59.8417,61.37,1733818
2015-07-08,Pentair plc.,PNR,Industrials,60.9083,61.1576,59.9757,60.1788,782575
2015-07-09,Pentair plc.,PNR,Industrials,60.899,61.1216,59.5832,59.6063,1031121
2015-07-10,Pentair plc.,PNR,Industrials,60.2249,60.3542,58.9876,59.006,1512024
2015-07-13,Pentair plc.,PNR,Industrials,59.6432,60.2526,59.0522,60.1788,937651
2015-07-14,Pentair plc.,PNR,Industrials,60.1788,60.6035,60.1049,60.2988,644741
2015-07-15,Pentair plc.,PNR,Industrials,60.1234,60.465,58.572,58.8214,1974870
2015-07-16,Pentair plc.,PNR,Industrials,59.3846,59.6709,58.9229,59.4493,965964
2015-07-17,Pentair plc.,PNR,Industrials,59.2646,59.4585,58.5443,58.9414,1103118
2015-07-20,Pentair plc.,PNR,Industrials,58.886,59.3939,58.452,59.1723,1848643
2015-07-21,Pentair plc.,PNR,Industrials,57.2516,57.7225,56.0881,56.8822,2928996
2015-07-22,Pentair plc.,PNR,Industrials,56.186,57.0771,56.186,56.7244,1780528
2015-07-23,Pentair plc.,PNR,Industrials,56.6594,57.6062,56.4793,57.4299,1480355
2015-07-24,Pentair plc.,PNR,Industrials,57.3185,57.4206,56.1767,56.4738,1487176
2015-07-27,Pentair plc.,PNR,Industrials,56.0004,56.0004,54.0882,54.5338,2985461
2015-07-28,Pentair plc.,PNR,Industrials,54.8494,55.2299,54.3667,55.1835,1180682
2015-07-29,Pentair plc.,PNR,Industrials,55.2299,56.5944,55.1278,56.4366,925866
2015-07-30,Pentair plc.,PNR,Industrials,56.3717,56.4923,55.8519,56.381,794189
2015-07-31,Pentair plc.,PNR,Industrials,56.6687,56.7987,56.1025,56.4459,1331786
2015-08-03,Pentair plc.,PNR,Industrials,56.3067,56.4831,55.5455,55.889,720854
2015-08-04,Pentair plc.,PNR,Industrials,56.1582,56.3345,55.527,55.6198,869758
2015-08-05,Pentair plc.,PNR,Industrials,56.3624,57.1514,56.0561,56.4923,736191
2015-08-06,Pentair plc.,PNR,Industrials,56.5759,56.8636,56.121,56.5944,827715
2015-08-07,Pentair plc.,PNR,Industrials,56.5759,57.17,56.4645,56.7522,797340
2015-08-10,Pentair plc.,PNR,Industrials,57.2813,57.9636,57.0168,57.894,657766
2015-08-11,Pentair plc.,PNR,Industrials,57.1607,57.4299,56.4645,56.7151,565835
2015-08-12,Pentair plc.,PNR,Industrials,56.2788,57.0586,55.8147,56.8915,520435
2015-08-13,Pentair plc.,PNR,Industrials,56.6409,57.6596,56.4088,56.8079,375386
2015-08-14,Pentair plc.,PNR,Industrials,56.7801,57.2906,56.6037,57.2442,409377
2015-08-17,Pentair plc.,PNR,Industrials,58.2746,58.9058,56.7151,58.1075,2094937
2015-08-18,Pentair plc.,PNR,Industrials,57.764,58.1794,57.2628,57.8012,820804
2015-08-19,Pentair plc.,PNR,Industrials,57.4113,57.5227,55.8983,56.3995,821962
2015-08-20,Pentair plc.,PNR,Industrials,55.9911,56.1025,54.6544,54.673,905950
2015-08-21,Pentair plc.,PNR,Industrials,54.2646,54.4781,52.9186,52.9372,1210618
2015-08-24,Pentair plc.,PNR,Industrials,49.0293,52.3431,48.5838,50.728,1721493
2015-08-25,Pentair plc.,PNR,Industrials,51.814,51.8512,49.1593,49.1871,1531061
2015-08-26,Pentair plc.,PNR,Industrials,50.4681,50.5099,49.2057,50.3753,1921949
2015-08-27,Pentair plc.,PNR,Industrials,51.1457,52.4638,50.9229,51.7491,1509312
2015-08-28,Pentair plc.,PNR,Industrials,51.6005,52.2874,51.5541,51.9533,966614
2015-08-31,Pentair plc.,PNR,Industrials,51.8326,51.9533,50.9508,51.3221,1227028
2015-09-01,Pentair plc.,PNR,Industrials,52.2503,52.2503,49.28,49.6513,1235813
2015-09-02,Pentair plc.,PNR,Industrials,50.2546,51.025,49.0293,49.9854,1062385
2015-09-03,Pentair plc.,PNR,Industrials,50.004,50.7466,49.9399,50.3381,803456
2015-09-04,Pentair plc.,PNR,Industrials,49.5213,49.7812,49.1407,49.3728,643088
2015-09-08,Pentair plc.,PNR,Industrials,50.4217,50.7744,49.6884,50.663,763142
2015-09-09,Pentair plc.,PNR,Industrials,51.22,51.4984,50.069,50.1989,879934
2015-09-10,Pentair plc.,PNR,Industrials,50.1711,51.025,49.4378,50.3196,993289
2015-09-11,Pentair plc.,PNR,Industrials,50.5052,51.0343,49.8093,50.5052,1089775
2015-09-14,Pentair plc.,PNR,Industrials,50.4031,51.2664,49.5399,49.6513,852767
2015-09-15,Pentair plc.,PNR,Industrials,49.7812,50.5238,49.4767,50.1618,1279310
2015-09-16,Pentair plc.,PNR,Industrials,50.3474,51.1271,50.1293,50.9415,655210
2015-09-17,Pentair plc.,PNR,Industrials,50.7651,50.9044,49.2707,49.3913,1579056
2015-09-18,Pentair plc.,PNR,Industrials,48.853,48.853,47.2378,47.34,2187528
2015-09-21,Pentair plc.,PNR,Industrials,47.4699,47.7391,46.7412,46.8387,2553031
2015-09-22,Pentair plc.,PNR,Industrials,46.9315,47.637,46.1797,47.5906,2016733
2015-09-23,Pentair plc.,PNR,Industrials,47.7205,47.9015,46.8573,46.9501,1443840
2015-09-24,Pentair plc.,PNR,Industrials,46.3375,47.6277,45.8919,47.4049,1714681
2015-09-25,Pentair plc.,PNR,Industrials,47.8505,48.5467,47.7762,48.2496,1692152
2015-09-28,Pentair plc.,PNR,Industrials,47.7762,48.1104,47.34,47.5906,1764609
2015-09-29,Pentair plc.,PNR,Industrials,47.9247,48.426,46.8851,47.145,1206507
2015-09-30,Pentair plc.,PNR,Industrials,47.4513,47.7112,46.3932,47.3771,1946842
2015-10-01,Pentair plc.,PNR,Industrials,47.4142,47.8041,45.7898,45.994,2056259
2015-10-02,Pentair plc.,PNR,Industrials,45.5949,47.6648,44.9637,47.6648,1515063
2015-10-05,Pentair plc.,PNR,Industrials,48.1939,50.9601,48.1568,50.5981,2111303
2015-10-06,Pentair plc.,PNR,Industrials,50.7559,51.7769,50.2639,50.4588,2066593
2015-10-07,Pentair plc.,PNR,Industrials,50.7187,52.3431,49.7812,51.2293,3077441
2015-10-08,Pentair plc.,PNR,Industrials,51.2107,53.4199,51.025,53.4013,2270743
2015-10-09,Pentair plc.,PNR,Industrials,53.2342,53.9304,52.6402,53.0486,1501495
2015-10-12,Pentair plc.,PNR,Industrials,52.9279,53.2621,52.5288,52.798,1100465
2015-10-13,Pentair plc.,PNR,Industrials,52.3524,53.8376,52.0554,52.2503,1465907
2015-10-14,Pentair plc.,PNR,Industrials,51.9069,51.9069,50.793,51.4984,1597334
2015-10-15,Pentair plc.,PNR,Industrials,51.6562,52.6077,50.8023,52.5845,1982090
2015-10-16,Pentair plc.,PNR,Industrials,52.1761,52.1761,50.9415,51.582,2099400
2015-10-19,Pentair plc.,PNR,Industrials,51.2107,52.4174,50.6352,51.2478,2635268
2015-10-20,Pentair plc.,PNR,Industrials,53.2807,53.2807,49.7069,50.4774,3046613
2015-10-21,Pentair plc.,PNR,Industrials,50.7482,52.0181,48.5913,50.384,2924171
2015-10-22,Pentair plc.,PNR,Industrials,50.5148,52.597,50.4401,51.9807,3058515
2015-10-23,Pentair plc.,PNR,Industrials,52.1394,52.8584,51.794,52.0928,1916665
2015-10-26,Pentair plc.,PNR,Industrials,52.1021,52.5129,51.0283,51.3738,1220083
2015-10-27,Pentair plc.,PNR,Industrials,51.0937,51.4765,50.2533,50.991,1663644
2015-10-28,Pentair plc.,PNR,Industrials,51.0283,52.0741,50.7482,51.2151,1790600
2015-10-29,Pentair plc.,PNR,Industrials,50.8882,51.8687,50.8135,51.6726,1085671
2015-10-30,Pentair plc.,PNR,Industrials,51.7099,52.4382,51.5138,52.2141,2386702
2015-11-02,Pentair plc.,PNR,Industrials,52.1581,53.7081,51.9901,53.0919,1270196
2015-11-03,Pentair plc.,PNR,Industrials,53.0172,54.8753,53.0172,54.5858,1582481
2015-11-04,Pentair plc.,PNR,Industrials,54.8192,55.4915,54.3897,54.7819,1681996
2015-11-05,Pentair plc.,PNR,Industrials,54.5018,55.7343,54.2777,55.4635,1859138
2015-11-06,Pentair plc.,PNR,Industrials,55.0433,55.4542,53.1105,53.4653,1844694
2015-11-09,Pentair plc.,PNR,Industrials,53.2226,53.4092,51.9807,52.5783,1712652
2015-11-10,Pentair plc.,PNR,Industrials,52.3449,53.2132,52.2048,53.2039,1161576
2015-11-11,Pentair plc.,PNR,Industrials,53.4373,53.5494,52.737,52.9798,966856
2015-11-12,Pentair plc.,PNR,Industrials,52.0741,52.6063,50.8042,50.8416,1708384
2015-11-13,Pentair plc.,PNR,Industrials,50.9069,51.794,50.6642,51.2431,1388528
2015-11-16,Pentair plc.,PNR,Industrials,51.4392,52.3449,51.4392,51.8687,1287778
2015-11-17,Pentair plc.,PNR,Industrials,52.0741,52.1021,51.0283,51.2617,1135934
2015-11-18,Pentair plc.,PNR,Industrials,51.6352,52.625,51.5045,52.5223,1774843
2015-11-19,Pentair plc.,PNR,Industrials,52.5783,53.1662,52.2608,53.0078,732341
2015-11-20,Pentair plc.,PNR,Industrials,53.3253,53.6334,52.737,52.9238,699090
2015-11-23,Pentair plc.,PNR,Industrials,52.9425,53.6147,52.5783,52.6997,661781
2015-11-24,Pentair plc.,PNR,Industrials,52.5503,53.0265,52.3449,52.7931,698152
2015-11-25,Pentair plc.,PNR,Industrials,52.8024,53.1385,52.4382,52.4569,703453
2015-11-27,Pentair plc.,PNR,Industrials,52.2328,52.8771,52.0461,52.653,500507
2015-11-30,Pentair plc.,PNR,Industrials,52.569,53.1572,52.2422,52.9425,1346356
2015-12-01,Pentair plc.,PNR,Industrials,53.1852,53.8855,52.681,53.2973,1693247
2015-12-02,Pentair plc.,PNR,Industrials,53.0452,53.2506,52.0928,52.2982,1752589
2015-12-03,Pentair plc.,PNR,Industrials,51.9901,52.5316,51.7286,52.1301,2229828
2015-12-04,Pentair plc.,PNR,Industrials,52.1955,52.6997,51.7193,52.1301,2350001
2015-12-07,Pentair plc.,PNR,Industrials,51.8687,52.0554,51.1497,51.3364,975461
2015-12-08,Pentair plc.,PNR,Industrials,50.6361,50.9816,48.9274,49.1328,1643439
2015-12-09,Pentair plc.,PNR,Industrials,48.8434,49.7584,48.6193,49.0208,817062
2015-12-10,Pentair plc.,PNR,Industrials,49.2169,50.1926,48.9181,49.7398,1193797
2015-12-11,Pentair plc.,PNR,Industrials,49.0208,49.0581,48.0871,48.3018,1484961
2015-12-14,Pentair plc.,PNR,Industrials,48.2084,48.834,47.7509,48.7874,1645717
2015-12-15,Pentair plc.,PNR,Industrials,49.1235,49.2636,47.4148,47.4708,1591813
2015-12-16,Pentair plc.,PNR,Industrials,47.9563,48.6146,47.6389,48.3485,1322832
2015-12-17,Pentair plc.,PNR,Industrials,48.3672,48.8154,46.2943,46.2943,2230778
2015-12-18,Pentair plc.,PNR,Industrials,45.9021,46.2663,44.9497,45.0151,3066411
2015-12-21,Pentair plc.,PNR,Industrials,45.3139,46.0422,45.0244,45.4166,3282862
2015-12-22,Pentair plc.,PNR,Industrials,45.5567,46.0982,45.1552,45.9955,1812116
2015-12-23,Pentair plc.,PNR,Industrials,46.2756,47.172,46.1542,47.0506,2012396
2015-12-24,Pentair plc.,PNR,Industrials,47.0226,47.3121,46.8008,46.9479,396765
2015-12-28,Pentair plc.,PNR,Industrials,46.7051,46.8826,46.1449,46.313,586653
2015-12-29,Pentair plc.,PNR,Industrials,46.6865,47.2747,46.3783,47.1347,1336400
2015-12-30,Pentair plc.,PNR,Industrials,46.8359,47.3121,46.5557,46.6865,810157
2015-12-31,Pentair plc.,PNR,Industrials,46.425,46.7238,46.2009,46.2476,723558
2016-01-04,Pentair plc.,PNR,Industrials,45.4073,46.0795,44.9871,46.0142,1826340
2016-01-05,Pentair plc.,PNR,Industrials,45.9208,46.2756,45.034,45.622,787582
2016-01-06,Pentair plc.,PNR,Industrials,44.6976,45.3139,44.0627,44.5762,1123801
2016-01-07,Pentair plc.,PNR,Industrials,43.5771,44.128,43.2037,43.3997,1642035
2016-01-08,Pentair plc.,PNR,Industrials,43.6705,43.8759,42.5594,42.6154,2436553
2016-01-11,Pentair plc.,PNR,Industrials,43.1103,43.213,41.8591,42.4847,1910615
2016-01-12,Pentair plc.,PNR,Industrials,43.0823,43.1943,42.0925,43.0636,1695727
2016-01-13,Pentair plc.,PNR,Industrials,43.269,43.8853,41.9898,42.0832,1617772
2016-01-14,Pentair plc.,PNR,Industrials,42.2979,42.9515,41.551,42.494,1679188
2016-01-15,Pentair plc.,PNR,Industrials,41.3362,42.0645,41.0748,41.663,2038399
2016-01-19,Pentair plc.,PNR,Industrials,42.3259,42.7275,40.658,41.1588,1089056
2016-01-20,Pentair plc.,PNR,Industrials,40.3931,40.6359,39.2166,40.141,2255720
2016-01-21,Pentair plc.,PNR,Industrials,40.3558,40.7946,39.7022,40.5052,2348040
2016-01-22,Pentair plc.,PNR,Industrials,41.3269,42.2699,40.4865,41.1775,2003501
2016-01-25,Pentair plc.,PNR,Industrials,41.0748,41.4576,40.6266,40.6919,1943972
2016-01-26,Pentair plc.,PNR,Industrials,41.1775,42.522,40.8833,42.3073,1641445
2016-01-27,Pentair plc.,PNR,Industrials,42.0345,43.5206,41.9969,42.439,1641613
2016-01-28,Pentair plc.,PNR,Industrials,43.3607,43.5676,42.0063,42.7682,1696017
2016-01-29,Pentair plc.,PNR,Industrials,42.9939,44.3295,42.7682,44.3201,2168370
2016-02-01,Pentair plc.,PNR,Industrials,43.8028,44.1602,43.2196,43.8592,1525259
2016-02-02,Pentair plc.,PNR,Industrials,42.7682,43.4924,41.4137,41.9498,2698623
2016-02-03,Pentair plc.,PNR,Industrials,42.5424,42.834,41.108,42.7493,2017527
2016-02-04,Pentair plc.,PNR,Industrials,42.8152,45.2419,42.8152,44.0285,3015705
2016-02-05,Pentair plc.,PNR,Industrials,43.7934,44.1884,43.0503,43.5018,1924203
2016-02-08,Pentair plc.,PNR,Industrials,43.0127,43.3137,42.1192,42.9186,2895799
2016-02-09,Pentair plc.,PNR,Industrials,42.3261,43.4266,42.2132,42.5142,2823431
2016-02-10,Pentair plc.,PNR,Industrials,42.1756,42.3073,40.3226,40.3321,2573391
2016-02-11,Pentair plc.,PNR,Industrials,39.6831,40.9622,39.0999,40.5202,1844869
2016-02-12,Pentair plc.,PNR,Industrials,41.1221,42.3261,40.7647,41.7617,1050093
2016-02-16,Pentair plc.,PNR,Industrials,42.232,43.2384,41.9122,43.0221,2717375
2016-02-17,Pentair plc.,PNR,Industrials,43.8216,44.7904,43.1914,44.6681,1281240
2016-02-18,Pentair plc.,PNR,Industrials,44.5647,45.6369,44.3201,45.4018,2304522
2016-02-19,Pentair plc.,PNR,Industrials,45.0255,45.4206,44.6869,45.1572,2085270
2016-02-22,Pentair plc.,PNR,Industrials,45.9003,46.6433,45.8344,46.2107,834887
2016-02-23,Pentair plc.,PNR,Industrials,45.9473,46.5399,44.8562,44.9033,898731
2016-02-24,Pentair plc.,PNR,Industrials,44.4236,45.1102,43.7417,45.035,1367958
2016-02-25,Pentair plc.,PNR,Industrials,45.0161,45.4018,43.831,45.0538,1354115
2016-02-26,Pentair plc.,PNR,Industrials,45.3547,45.9614,45.0914,45.6557,1054008
2016-02-29,Pentair plc.,PNR,Industrials,45.8344,46.0226,44.8751,44.8751,885794
2016-03-01,Pentair plc.,PNR,Industrials,45.4018,46.3706,44.9785,46.2389,1251470
2016-03-02,Pentair plc.,PNR,Industrials,46.079,47.6309,45.8721,47.6027,1732980
2016-03-03,Pentair plc.,PNR,Industrials,47.5933,48.073,47.2547,47.8567,1284700
2016-03-04,Pentair plc.,PNR,Industrials,47.7908,48.2047,47.2453,47.5369,2076535
2016-03-07,Pentair plc.,PNR,Industrials,47.3394,48.9666,47.2641,48.7973,995073
2016-03-08,Pentair plc.,PNR,Industrials,48.1295,48.3646,46.855,46.9631,1089041
2016-03-09,Pentair plc.,PNR,Industrials,47.2359,47.5369,46.8315,47.2171,1039200
2016-03-10,Pentair plc.,PNR,Industrials,47.3112,47.8473,45.9661,46.5399,1443177
2016-03-11,Pentair plc.,PNR,Industrials,47.1607,47.772,46.6951,47.4052,1394892
2016-03-14,Pentair plc.,PNR,Industrials,47.123,48.1407,47.1042,47.5745,1487553
2016-03-15,Pentair plc.,PNR,Industrials,47.0196,47.4043,46.3706,47.2641,943837
2016-03-16,Pentair plc.,PNR,Industrials,47.2359,48.9195,47.1235,48.675,1323959
2016-03-17,Pentair plc.,PNR,Industrials,48.9007,50.6643,48.5997,50.6126,1867154
2016-03-18,Pentair plc.,PNR,Industrials,50.9042,51.1581,50.4621,50.6032,2119311
2016-03-21,Pentair plc.,PNR,Industrials,50.4339,51.0641,50.3116,50.8477,794576
2016-03-22,Pentair plc.,PNR,Industrials,50.5279,51.0923,50.2928,50.7443,627111
2016-03-23,Pentair plc.,PNR,Industrials,50.5938,50.5938,49.6626,49.7943,867675
2016-03-24,Pentair plc.,PNR,Industrials,49.3334,49.6062,48.7126,49.5215,1315714
2016-03-28,Pentair plc.,PNR,Industrials,49.5309,49.7284,48.929,49.5215,1029455
2016-03-29,Pentair plc.,PNR,Industrials,49.1829,50.2552,48.8067,50.2364,1630768
2016-03-30,Pentair plc.,PNR,Industrials,50.5844,50.923,50.3398,50.8571,1012366
2016-03-31,Pentair plc.,PNR,Industrials,50.876,51.2992,50.8007,51.0358,1228391
2016-04-01,Pentair plc.,PNR,Industrials,50.4433,50.7066,49.7284,50.368,1420878
2016-04-04,Pentair plc.,PNR,Industrials,50.3022,50.4433,49.7378,49.973,1205289
2016-04-05,Pentair plc.,PNR,Industrials,49.6438,49.6438,48.2423,48.3082,1618651
2016-04-06,Pentair plc.,PNR,Industrials,48.3646,49.1359,47.377,48.1389,1701445
2016-04-07,Pentair plc.,PNR,Industrials,48.1295,48.2611,47.6027,47.6874,1767335
2016-04-08,Pentair plc.,PNR,Industrials,48.3928,49.0794,48.3364,48.4493,1099905
2016-04-11,Pentair plc.,PNR,Industrials,48.7879,49.2299,48.5339,48.628,621091
2016-04-12,Pentair plc.,PNR,Industrials,48.8443,50.1329,48.8443,49.9542,963889
2016-04-13,Pentair plc.,PNR,Industrials,50.4997,51.8071,50.3492,51.7507,1191800
2016-04-14,Pentair plc.,PNR,Industrials,52.0705,52.3527,51.5249,52.0235,1209876
2016-04-15,Pentair plc.,PNR,Industrials,51.9388,52.0705,51.666,51.8353,887096
2016-04-18,Pentair plc.,PNR,Industrials,51.3839,52.1551,51.2146,51.8918,1194256
2016-04-19,Pentair plc.,PNR,Industrials,52.3433,53.1004,51.9953,52.917,903038
2016-04-20,Pentair plc.,PNR,Industrials,52.8224,53.5982,52.6143,53.3522,992795
2016-04-21,Pentair plc.,PNR,Industrials,53.3522,53.7681,52.9927,53.3996,902490
2016-04-22,Pentair plc.,PNR,Industrials,53.4847,54.3362,53.4847,54.1943,1043076
2016-04-25,Pentair plc.,PNR,Industrials,53.8726,54.1659,52.917,53.1063,1846326
2016-04-26,Pentair plc.,PNR,Industrials,54.2795,55.183,52.2547,55.1594,2405022
2016-04-27,Pentair plc.,PNR,Industrials,56.6826,58.7357,55.727,56.711,3762954
2016-04-28,Pentair plc.,PNR,Industrials,56.1339,56.5123,55.358,55.5283,1269749
2016-04-29,Pentair plc.,PNR,Industrials,55.4243,55.9352,54.7147,54.9512,2583807
2016-05-02,Pentair plc.,PNR,Industrials,54.6295,55.9541,54.3551,55.8122,1554101
2016-05-03,Pentair plc.,PNR,Industrials,55.1499,55.1641,54.5822,54.8661,1202298
2016-05-04,Pentair plc.,PNR,Industrials,54.5254,54.9323,53.4469,53.8158,730056
2016-05-05,Pentair plc.,PNR,Industrials,54.2321,54.5027,53.6645,53.8348,1037743
2016-05-06,Pentair plc.,PNR,Industrials,53.6739,55.0174,53.4374,55.008,1350579
2016-05-09,Pentair plc.,PNR,Industrials,54.8377,55.0553,54.2416,54.4214,1635116
2016-05-10,Pentair plc.,PNR,Industrials,54.7431,55.2729,54.516,55.1688,1366060
2016-05-11,Pentair plc.,PNR,Industrials,55.2729,56.1954,54.8187,55.727,1156697
2016-05-12,Pentair plc.,PNR,Industrials,56.1055,56.6164,55.3959,56.0298,1446014
2016-05-13,Pentair plc.,PNR,Industrials,55.9541,56.3326,54.4403,54.5444,1108536
2016-05-16,Pentair plc.,PNR,Industrials,54.6863,55.9352,54.5538,55.4148,1326295
2016-05-17,Pentair plc.,PNR,Industrials,55.1783,55.9021,54.8661,55.0364,878274
2016-05-18,Pentair plc.,PNR,Industrials,54.7809,56.219,54.5292,56.0771,2289916
2016-05-19,Pentair plc.,PNR,Industrials,55.5,55.604,54.5633,55.2161,2136641
2016-05-20,Pentair plc.,PNR,Industrials,55.5851,56.2663,55.1499,55.3297,1036696
2016-05-23,Pentair plc.,PNR,Industrials,55.254,56.3042,54.9607,56.1149,1064478
2016-05-24,Pentair plc.,PNR,Industrials,56.465,57.0705,56.1528,56.8435,988866
2016-05-25,Pentair plc.,PNR,Industrials,57.2787,58.1113,57.1462,58.0451,1153642
2016-05-26,Pentair plc.,PNR,Industrials,58.2343,58.783,57.4963,57.5625,1172069
2016-05-27,Pentair plc.,PNR,Industrials,57.5436,57.6288,57.0043,57.3449,841380
2016-05-31,Pentair plc.,PNR,Industrials,57.3733,57.6288,56.7772,56.9948,1103361
2016-06-01,Pentair plc.,PNR,Industrials,56.5029,56.9759,55.8122,56.9475,1285870
2016-06-02,Pentair plc.,PNR,Industrials,56.8908,59.9752,56.4745,57.4774,4322609
2016-06-03,Pentair plc.,PNR,Industrials,57.4111,57.4206,56.503,56.7678,1403279
2016-06-06,Pentair plc.,PNR,Industrials,57.1273,57.5341,56.6542,57.449,2124212
2016-06-07,Pentair plc.,PNR,Industrials,57.6571,58.2154,57.3355,57.7801,1688661
2016-06-08,Pentair plc.,PNR,Industrials,57.9977,58.4424,57.4774,57.6571,1278627
2016-06-09,Pentair plc.,PNR,Industrials,57.2692,57.2976,56.6353,56.9192,1030130
2016-06-10,Pentair plc.,PNR,Industrials,56.8718,57.3071,55.7554,56.1812,1129704
2016-06-13,Pentair plc.,PNR,Industrials,55.85,56.0298,55.3297,55.377,988988
2016-06-14,Pentair plc.,PNR,Industrials,55.0553,56.0724,54.9607,55.9919,1835958
2016-06-15,Pentair plc.,PNR,Industrials,56.3042,56.9381,55.9163,56.5785,1486968
2016-06-16,Pentair plc.,PNR,Industrials,55.9825,57.1084,55.6419,57.0327,1861155
2016-06-17,Pentair plc.,PNR,Industrials,57.2125,57.9315,56.9286,57.9031,3119166
2016-06-20,Pentair plc.,PNR,Industrials,58.906,59.3223,58.6884,58.925,1798574
2016-06-21,Pentair plc.,PNR,Industrials,58.7925,58.8776,58.0734,58.1775,1319188
2016-06-22,Pentair plc.,PNR,Industrials,58.3383,58.4235,57.3071,57.3544,1397882
2016-06-23,Pentair plc.,PNR,Industrials,58.168,58.31,57.8747,58.1964,1232230
2016-06-24,Pentair plc.,PNR,Industrials,55.254,56.0487,54.5065,54.7147,2897833
2016-06-27,Pentair plc.,PNR,Industrials,53.9388,53.9767,52.5386,53.2482,1926217
2016-06-28,Pentair plc.,PNR,Industrials,54.1565,54.1943,53.1063,53.3996,2424824
2016-06-29,Pentair plc.,PNR,Industrials,54.1848,54.8755,53.6739,54.5917,1557532
2016-06-30,Pentair plc.,PNR,Industrials,54.7998,55.1594,54.2227,55.1499,1327469
2016-07-01,Pentair plc.,PNR,Industrials,55.254,55.8303,55.2161,55.6608,816476
2016-07-05,Pentair plc.,PNR,Industrials,55.5283,55.5757,54.3835,54.7809,1072696
2016-07-06,Pentair plc.,PNR,Industrials,54.6106,55.5851,54.1186,55.5757,988456
2016-07-07,Pentair plc.,PNR,Industrials,56.0676,56.6448,55.7649,56.1244,1038763
2016-07-08,Pentair plc.,PNR,Industrials,56.7772,58.2248,56.5123,58.1207,1192763
2016-07-11,Pentair plc.,PNR,Industrials,58.4897,58.9741,58.1964,58.8493,1480913
2016-07-12,Pentair plc.,PNR,Industrials,59.4642,60.3489,59.2656,60.1738,1640699
2016-07-13,Pentair plc.,PNR,Industrials,60.505,60.505,59.5399,59.8332,1389843
2016-07-14,Pentair plc.,PNR,Industrials,60.5523,60.5712,59.9752,59.9941,1017828
2016-07-15,Pentair plc.,PNR,Industrials,60.3441,60.5712,59.4453,60.1455,713320
2016-07-18,Pentair plc.,PNR,Industrials,59.8995,60.1265,59.2656,59.5778,653610
2016-07-19,Pentair plc.,PNR,Industrials,59.2182,59.4453,58.802,59.1443,995116
2016-07-20,Pentair plc.,PNR,Industrials,59.1158,59.4488,58.596,59.3631,1307770
2016-07-21,Pentair plc.,PNR,Industrials,59.2109,59.8198,58.7828,58.9636,1078282
2016-07-22,Pentair plc.,PNR,Industrials,58.7828,59.7056,58.4213,59.5629,2630611
2016-07-25,Pentair plc.,PNR,Industrials,59.5154,59.5494,58.7448,59.0397,879021
2016-07-26,Pentair plc.,PNR,Industrials,59.2014,60.2193,59.1348,60.2003,983458
2016-07-27,Pentair plc.,PNR,Industrials,60.362,60.6998,59.7912,60.6665,1604063
2016-07-28,Pentair plc.,PNR,Industrials,60.1432,61.0185,59.3347,60.7711,1367821
2016-07-29,Pentair plc.,PNR,Industrials,60.5333,61.1802,60.0958,60.714,1380826
2016-08-01,Pentair plc.,PNR,Industrials,60.5143,60.6379,59.0302,59.2585,1716644
2016-08-02,Pentair plc.,PNR,Industrials,59.1729,59.1729,57.86,58.1549,1674260
2016-08-03,Pentair plc.,PNR,Industrials,58.2691,59.6581,58.0218,59.3061,1296537
2016-08-04,Pentair plc.,PNR,Industrials,59.2585,59.972,59.1729,59.2204,714857
2016-08-05,Pentair plc.,PNR,Industrials,59.6771,61.418,59.6485,61.418,1786188
2016-08-08,Pentair plc.,PNR,Industrials,61.5988,61.7415,61.0375,61.2468,872940
2016-08-09,Pentair plc.,PNR,Industrials,61.1707,61.5227,61.0565,61.3705,547320
2016-08-10,Pentair plc.,PNR,Industrials,61.6463,61.6939,61.0755,61.2373,450336
2016-08-11,Pentair plc.,PNR,Industrials,61.5322,62.8545,61.2373,62.6262,1127005
2016-08-12,Pentair plc.,PNR,Industrials,62.4074,62.6548,61.9032,62.4359,720613
2016-08-15,Pentair plc.,PNR,Industrials,62.7118,63.7298,62.6119,63.5205,1032597
2016-08-16,Pentair plc.,PNR,Industrials,63.3587,63.5745,62.9592,63.1494,1033987
2016-08-17,Pentair plc.,PNR,Industrials,63.1304,63.4919,62.9972,63.3492,754730
2016-08-18,Pentair plc.,PNR,Industrials,63.3873,63.511,63.121,63.2921,631934
2016-08-19,Pentair plc.,PNR,Industrials,62.7832,62.9972,61.1326,62.5882,2291113
2016-08-22,Pentair plc.,PNR,Industrials,62.141,62.5216,61.9603,62.0649,1258452
2016-08-23,Pentair plc.,PNR,Industrials,62.0649,62.6119,61.9032,61.9508,1636140
2016-08-24,Pentair plc.,PNR,Industrials,61.9317,61.9698,61.0755,61.3705,1724695
2016-08-25,Pentair plc.,PNR,Industrials,61.3324,61.3895,60.714,60.8662,1382737
2016-08-26,Pentair plc.,PNR,Industrials,60.7997,61.2943,60.2764,60.5999,1173685
2016-08-29,Pentair plc.,PNR,Industrials,60.7331,61.8556,60.6094,61.6273,1152454
2016-08-30,Pentair plc.,PNR,Industrials,61.4466,61.4466,60.7426,61.0375,933453
2016-08-31,Pentair plc.,PNR,Industrials,60.9424,61.1326,60.5143,60.9328,944438
2016-09-01,Pentair plc.,PNR,Industrials,59.8769,60.4001,59.3822,60.1337,1584932
2016-09-02,Pentair plc.,PNR,Industrials,60.657,61.047,60.3953,60.9043,955329
2016-09-06,Pentair plc.,PNR,Industrials,61.1326,61.9698,60.4857,60.7045,1326739
2016-09-07,Pentair plc.,PNR,Industrials,60.4381,60.695,60.0291,60.2954,934767
2016-09-08,Pentair plc.,PNR,Industrials,59.9435,59.9435,59.0207,59.1443,1858646
2016-09-09,Pentair plc.,PNR,Industrials,58.545,58.7257,56.9658,56.9753,2109084
2016-09-12,Pentair plc.,PNR,Industrials,56.4901,57.803,56.2237,57.6412,1371345
2016-09-13,Pentair plc.,PNR,Industrials,56.8421,57.1275,55.7861,55.9479,1586914
2016-09-14,Pentair plc.,PNR,Industrials,55.8718,56.1952,55.4437,55.9193,1532837
2016-09-15,Pentair plc.,PNR,Industrials,55.9954,56.376,55.6529,56.1381,2166720
2016-09-16,Pentair plc.,PNR,Industrials,55.7861,56.5282,55.3675,56.5091,3347337
2016-09-19,Pentair plc.,PNR,Industrials,56.9468,57.2892,56.7089,56.8992,958850
2016-09-20,Pentair plc.,PNR,Industrials,57.1751,57.2322,56.6138,56.6328,620971
2016-09-21,Pentair plc.,PNR,Industrials,57.0799,57.6317,56.984,57.5651,1249371
2016-09-22,Pentair plc.,PNR,Industrials,58.4784,60.01,58.4308,59.2204,1934941
2016-09-23,Pentair plc.,PNR,Industrials,58.8304,58.9826,58.2025,58.2786,1267558
2016-09-26,Pentair plc.,PNR,Industrials,57.7934,58.212,57.4985,58.0027,839434
2016-09-27,Pentair plc.,PNR,Industrials,57.6983,58.5069,57.3844,58.4689,992946
2016-09-28,Pentair plc.,PNR,Industrials,59.0587,60.343,58.7923,60.2003,1912792
2016-09-29,Pentair plc.,PNR,Industrials,60.01,60.5713,59.7151,59.8864,1600198
2016-09-30,Pentair plc.,PNR,Industrials,60.0196,61.5988,59.9815,61.1136,1424377
2016-10-03,Pentair plc.,PNR,Industrials,60.5618,61.0565,60.4572,60.8853,1284943
2016-10-04,Pentair plc.,PNR,Industrials,60.9804,61.2563,58.9921,59.1538,1734542
2016-10-05,Pentair plc.,PNR,Industrials,59.3251,59.9815,59.1634,59.2014,1410282
2016-10-06,Pentair plc.,PNR,Industrials,58.8304,59.1634,58.1074,58.5735,1189522
2016-10-07,Pentair plc.,PNR,Industrials,58.7448,58.7448,57.0324,57.2988,868695
2016-10-10,Pentair plc.,PNR,Industrials,57.6317,57.9171,56.8659,56.8707,719349
2016-10-11,Pentair plc.,PNR,Industrials,56.4901,56.9468,55.7671,56.2713,1340641
2016-10-12,Pentair plc.,PNR,Industrials,56.5853,56.9372,56.081,56.7184,796865
2016-10-13,Pentair plc.,PNR,Industrials,56.062,56.1001,55.2058,55.9479,791396
2016-10-14,Pentair plc.,PNR,Industrials,56.395,56.6138,55.71,55.8813,829621
2016-10-17,Pentair plc.,PNR,Industrials,55.9288,56.2808,55.6625,56.1286,1128584
2016-10-18,Pentair plc.,PNR,Industrials,56.8516,56.8802,56.0335,56.5472,1103222
2016-10-19,Pentair plc.,PNR,Industrials,56.5568,56.9586,55.7435,56.4037,750568
2016-10-20,Pentair plc.,PNR,Industrials,56.1166,56.4515,55.5521,55.7626,996102
2016-10-21,Pentair plc.,PNR,Industrials,55.112,55.9731,54.9015,55.8487,798256
2016-10-24,Pentair plc.,PNR,Industrials,56.3941,56.7673,56.0688,56.3941,832070
2016-10-25,Pentair plc.,PNR,Industrials,55.4564,55.4756,52.6339,53.5046,2338862
2016-10-26,Pentair plc.,PNR,Industrials,52.9592,53.8012,52.8444,53.007,1252215
2016-10-27,Pentair plc.,PNR,Industrials,53.0549,53.1936,52.4042,52.4616,926753
2016-10-28,Pentair plc.,PNR,Industrials,52.72,53.1505,52.3947,52.7678,1402856
2016-10-31,Pentair plc.,PNR,Industrials,53.074,53.4567,52.5382,52.7487,1845342
2016-11-01,Pentair plc.,PNR,Industrials,52.7487,52.9687,51.9545,52.5478,1562808
2016-11-02,Pentair plc.,PNR,Industrials,52.5765,52.5765,51.524,51.5909,1613873
2016-11-03,Pentair plc.,PNR,Industrials,51.7919,51.945,51.4761,51.811,1190553
2016-11-04,Pentair plc.,PNR,Industrials,51.6866,53.0166,51.6866,52.3373,826589
2016-11-07,Pentair plc.,PNR,Industrials,53.1601,53.5141,52.9544,53.0931,1766313
2016-11-08,Pentair plc.,PNR,Industrials,53.007,53.5715,52.6673,53.5141,1405113
2016-11-09,Pentair plc.,PNR,Industrials,53.2749,55.3751,52.9687,54.8249,1618398
2016-11-10,Pentair plc.,PNR,Industrials,55.4469,58.0398,55.4086,57.638,2371380
2016-11-11,Pentair plc.,PNR,Industrials,57.3988,58.0398,56.6429,56.8821,1228536
2016-11-14,Pentair plc.,PNR,Industrials,57.15,57.7049,56.9873,57.3509,881601
2016-11-15,Pentair plc.,PNR,Industrials,57.2648,57.4418,56.1645,56.3558,1012079
2016-11-16,Pentair plc.,PNR,Industrials,55.8487,56.2026,55.753,55.7722,1176070
2016-11-17,Pentair plc.,PNR,Industrials,55.7913,55.9061,55.2986,55.4469,905239
2016-11-18,Pentair plc.,PNR,Industrials,55.3321,55.7243,55.2077,55.3034,1728433
2016-11-21,Pentair plc.,PNR,Industrials,55.8487,56.1645,55.4947,55.7052,1002612
2016-11-22,Pentair plc.,PNR,Industrials,56.1549,56.174,55.4564,55.4851,794095
2016-11-23,Pentair plc.,PNR,Industrials,55.2268,55.6622,55.0163,55.3321,1159734
2016-11-25,Pentair plc.,PNR,Industrials,55.3034,55.5617,54.9589,55.5521,465386
2016-11-28,Pentair plc.,PNR,Industrials,55.3608,55.5138,54.5283,54.5953,1032872
2016-11-29,Pentair plc.,PNR,Industrials,54.4422,54.6049,53.7342,53.782,1419304
2016-11-30,Pentair plc.,PNR,Industrials,54.4709,55.2172,54.4709,54.978,1476050
2016-12-01,Pentair plc.,PNR,Industrials,55.4564,57.2074,55.321,56.2697,1287153
2016-12-02,Pentair plc.,PNR,Industrials,56.2602,56.3367,55.82,56.241,1346613
2016-12-05,Pentair plc.,PNR,Industrials,56.7577,57.2839,56.4898,57.1021,1073706
2016-12-06,Pentair plc.,PNR,Industrials,56.7481,57.5614,56.7481,57.5327,1143334
2016-12-07,Pentair plc.,PNR,Industrials,57.6858,58.7383,57.4083,58.7,1093965
2016-12-08,Pentair plc.,PNR,Industrials,58.7287,58.8722,57.925,58.0207,977904
2016-12-09,Pentair plc.,PNR,Industrials,57.4275,58.1584,57.3126,57.638,795101
2016-12-12,Pentair plc.,PNR,Industrials,57.858,58.1259,57.15,57.2935,647182
2016-12-13,Pentair plc.,PNR,Industrials,57.5136,57.5327,56.2267,56.4132,1176794
2016-12-14,Pentair plc.,PNR,Industrials,56.2219,56.6046,55.1503,55.2364,979367
2016-12-15,Pentair plc.,PNR,Industrials,54.8537,55.5713,54.4709,54.5379,1412639
2016-12-16,Pentair plc.,PNR,Industrials,54.5857,55.2651,53.9925,54.1073,3838444
2016-12-19,Pentair plc.,PNR,Industrials,54.2891,54.9111,54.0978,54.6814,1066749
2016-12-20,Pentair plc.,PNR,Industrials,54.9589,55.3225,54.27,54.6527,1076237
2016-12-21,Pentair plc.,PNR,Industrials,54.8249,55.179,54.5044,54.5953,1089387
2016-12-22,Pentair plc.,PNR,Industrials,54.4518,54.5475,54.0786,54.3657,688029
2016-12-23,Pentair plc.,PNR,Industrials,54.557,54.7293,54.2317,54.3657,681295
2016-12-27,Pentair plc.,PNR,Industrials,54.4996,54.8537,54.1552,54.8058,441555
2016-12-28,Pentair plc.,PNR,Industrials,54.9398,55.1024,53.8012,53.8299,693142
2016-12-29,Pentair plc.,PNR,Industrials,54.0021,54.2939,53.8777,54.0691,602315
2016-12-30,Pentair plc.,PNR,Industrials,54.337,54.337,53.3515,53.6481,887446
2017-01-03,Pentair plc.,PNR,Industrials,54.4614,55.4612,54.3226,55.4469,1277426
2017-01-04,Pentair plc.,PNR,Industrials,55.4373,55.6765,55.1646,55.6382,1023563
2017-01-05,Pentair plc.,PNR,Industrials,55.4373,55.9061,54.8632,55.5617,828790
2017-01-06,Pentair plc.,PNR,Industrials,55.5138,56.0305,55.4182,55.5043,681088
2017-01-09,Pentair plc.,PNR,Industrials,55.2746,55.4947,54.0882,54.1265,873594
2017-01-10,Pentair plc.,PNR,Industrials,54.4805,54.8632,54.2078,54.4709,951678
2017-01-11,Pentair plc.,PNR,Industrials,54.4805,55.2746,54.3657,54.9876,643676
2017-01-12,Pentair plc.,PNR,Industrials,54.9589,55.1831,54.2604,54.7962,622538
2017-01-13,Pentair plc.,PNR,Industrials,55.6669,56.2922,55.5617,56.174,872230
2017-01-17,Pentair plc.,PNR,Industrials,56.1358,56.4515,55.5076,55.9731,1333263
2017-01-18,Pentair plc.,PNR,Industrials,55.954,56.241,55.7435,56.2027,696876
2017-01-19,Pentair plc.,PNR,Industrials,56.1166,56.6907,55.8631,56.3845,890111
2017-01-20,Pentair plc.,PNR,Industrials,56.6046,56.6907,56.0114,56.2602,607200
2017-01-23,Pentair plc.,PNR,Industrials,56.0497,56.6811,55.5454,56.2602,746181
2017-01-24,Pentair plc.,PNR,Industrials,56.4515,57.6954,56.2315,57.6284,922048
2017-01-25,Pentair plc.,PNR,Industrials,57.9315,59.2788,57.8353,59.1825,1261219
2017-01-26,Pentair plc.,PNR,Industrials,58.9516,59.5386,58.2635,58.5378,952084
2017-01-27,Pentair plc.,PNR,Industrials,58.5089,59.0189,58.48,58.7495,1168581
2017-01-30,Pentair plc.,PNR,Industrials,58.3357,58.6917,57.6236,58.4704,1208655
2017-01-31,Pentair plc.,PNR,Industrials,58.0374,58.4704,56.2186,56.4207,3292331
2017-02-01,Pentair plc.,PNR,Industrials,56.4014,57.2964,55.314,55.9299,2098504
2017-02-02,Pentair plc.,PNR,Industrials,55.9491,56.0261,55.2755,55.6412,1192620
2017-02-03,Pentair plc.,PNR,Industrials,56.0935,56.2571,55.7952,56.1897,1286257
2017-02-06,Pentair plc.,PNR,Industrials,55.9684,56.0165,55.2755,55.7086,1059571
2017-02-07,Pentair plc.,PNR,Industrials,55.9588,56.2426,55.5835,55.9491,1034815
2017-02-08,Pentair plc.,PNR,Industrials,55.7855,55.8337,55.4776,55.7759,1137609
2017-02-09,Pentair plc.,PNR,Industrials,55.7567,56.4592,55.7567,56.1031,1474682
2017-02-10,Pentair plc.,PNR,Industrials,56.2571,56.5458,55.9684,56.5073,1054387
2017-02-13,Pentair plc.,PNR,Industrials,56.5169,57.4407,56.5169,57.2386,1320789
2017-02-14,Pentair plc.,PNR,Industrials,57.1135,57.2194,56.2956,56.4111,1218740
2017-02-15,Pentair plc.,PNR,Industrials,56.2378,56.9788,56.0647,56.9211,644150
2017-02-16,Pentair plc.,PNR,Industrials,56.8922,56.8922,55.8529,56.3341,1371432
2017-02-17,Pentair plc.,PNR,Industrials,56.1224,56.1224,55.4584,55.9395,871907
2017-02-21,Pentair plc.,PNR,Industrials,55.9203,57.1713,55.8337,57.1039,876079
2017-02-22,Pentair plc.,PNR,Industrials,56.7286,56.9596,56.4014,56.6805,697496
2017-02-23,Pentair plc.,PNR,Industrials,56.9981,57.2868,55.8914,56.2763,1192303
2017-02-24,Pentair plc.,PNR,Industrials,55.7759,56.1127,55.5257,55.9588,1943141
2017-02-27,Pentair plc.,PNR,Industrials,56.0935,56.5843,55.7086,56.4111,2078947
2017-02-28,Pentair plc.,PNR,Industrials,56.2282,56.5843,55.6604,55.8722,1073996
2017-03-01,Pentair plc.,PNR,Industrials,56.6516,57.8257,56.5362,57.6043,2076653
2017-03-02,Pentair plc.,PNR,Industrials,57.3637,57.5851,56.5073,56.5554,861911
2017-03-03,Pentair plc.,PNR,Industrials,56.5939,56.9787,56.1416,56.9211,836768
2017-03-06,Pentair plc.,PNR,Industrials,56.4111,57.0558,56.3803,56.642,834851
2017-03-07,Pentair plc.,PNR,Industrials,56.5843,56.9596,56.3822,56.6805,915588
2017-03-08,Pentair plc.,PNR,Industrials,56.873,57.1809,56.6228,57.075,1219317
2017-03-09,Pentair plc.,PNR,Industrials,57.075,57.4407,56.7094,56.9692,1278273
2017-03-10,Pentair plc.,PNR,Industrials,57.4792,57.9604,57.4311,57.8449,2512631
2017-03-13,Pentair plc.,PNR,Industrials,57.9123,58.6244,57.9123,58.5185,2090634
2017-03-14,Pentair plc.,PNR,Industrials,58.047,58.2298,57.1714,58.124,1142524
2017-03-15,Pentair plc.,PNR,Industrials,58.8265,60.8185,58.4415,60.3469,2566392
2017-03-16,Pentair plc.,PNR,Industrials,60.5105,60.7896,60.1737,60.2796,1142817
2017-03-17,Pentair plc.,PNR,Industrials,60.4335,60.7222,60.3277,60.5009,1377154
2017-03-20,Pentair plc.,PNR,Industrials,60.5394,60.6164,59.6059,59.8561,862003
2017-03-21,Pentair plc.,PNR,Industrials,60.1256,60.4143,58.4897,58.5955,1444489
2017-03-22,Pentair plc.,PNR,Industrials,58.6629,59.0526,58.3116,58.6436,998754
2017-03-23,Pentair plc.,PNR,Industrials,58.3357,59.2018,58.3357,58.6629,638013
2017-03-24,Pentair plc.,PNR,Industrials,58.7976,59.0189,58.0374,58.4319,668092
2017-03-27,Pentair plc.,PNR,Industrials,57.5177,59.0334,57.1424,58.7591,941806
2017-03-28,Pentair plc.,PNR,Industrials,58.7591,60.7511,58.4704,60.395,1409569
2017-03-29,Pentair plc.,PNR,Industrials,60.2411,61.0398,59.962,60.6934,1142118
2017-03-30,Pentair plc.,PNR,Industrials,60.4913,61.059,60.4528,60.5201,1147967
2017-03-31,Pentair plc.,PNR,Industrials,60.2411,60.8473,59.8658,60.4143,1261103
2017-04-03,Pentair plc.,PNR,Industrials,60.6164,60.7896,59.2893,59.9235,1001019
2017-04-04,Pentair plc.,PNR,Industrials,59.885,60.4913,59.4231,60.472,1084489
2017-04-05,Pentair plc.,PNR,Industrials,60.8185,61.1457,59.7792,60.0294,1264311
2017-04-06,Pentair plc.,PNR,Industrials,60.1545,60.9917,59.8946,60.4528,676250
2017-04-07,Pentair plc.,PNR,Industrials,60.2796,60.8281,60.217,60.4239,688433
2017-04-10,Pentair plc.,PNR,Industrials,60.3662,61.1553,60.2699,60.7415,752140
2017-04-11,Pentair plc.,PNR,Industrials,60.6837,61.1938,60.2988,61.0494,813202
2017-04-12,Pentair plc.,PNR,Industrials,61.0783,61.0783,59.8177,60.0005,872318
2017-04-13,Pentair plc.,PNR,Industrials,59.8465,60.4335,59.7262,59.8177,775313
2017-04-17,Pentair plc.,PNR,Industrials,60.2026,60.9243,59.7792,60.9243,785694
2017-04-18,Pentair plc.,PNR,Industrials,60.4047,60.8954,60.2507,60.5683,896795
2017-04-19,Pentair plc.,PNR,Industrials,60.8827,60.9892,59.9732,60.2054,699944
2017-04-20,Pentair plc.,PNR,Industrials,60.4763,60.9698,60.4763,60.7666,1359004
2017-04-21,Pentair plc.,PNR,Industrials,60.9214,60.9311,60.2247,60.544,1166831
2017-04-24,Pentair plc.,PNR,Industrials,61.56,61.9277,61.1343,61.2214,1735113
2017-04-25,Pentair plc.,PNR,Industrials,61.4439,62.6825,60.5731,62.5664,2585295
2017-04-26,Pentair plc.,PNR,Industrials,62.5083,63.534,62.5083,62.8663,2049913
2017-04-27,Pentair plc.,PNR,Industrials,62.7696,63.1566,62.5277,62.5664,975414
2017-04-28,Pentair plc.,PNR,Industrials,62.6535,62.9534,62.2084,62.4212,1414168
2017-05-01,Pentair plc.,PNR,Industrials,62.16,62.6438,61.7729,62.2471,1059519
2017-05-02,Pentair plc.,PNR,Industrials,62.3438,62.8373,62.3438,62.6341,922074
2017-05-03,Pentair plc.,PNR,Industrials,62.3438,63.5437,62.2084,63.3308,1359746
2017-05-04,Pentair plc.,PNR,Industrials,63.2437,63.3889,62.8276,63.176,1228207
2017-05-05,Pentair plc.,PNR,Industrials,63.3792,64.2984,63.234,64.2791,1356851
2017-05-08,Pentair plc.,PNR,Industrials,63.9888,64.4339,63.7082,63.9501,1292080
2017-05-09,Pentair plc.,PNR,Industrials,65.2951,66.7949,65.0822,65.537,2890020
2017-05-10,Pentair plc.,PNR,Industrials,65.5079,65.5278,63.7275,63.8436,1827545
2017-05-11,Pentair plc.,PNR,Industrials,63.5437,63.5437,62.5857,62.9534,1195247
2017-05-12,Pentair plc.,PNR,Industrials,62.6244,62.9631,62.4793,62.547,813814
2017-05-15,Pentair plc.,PNR,Industrials,63.0115,63.4663,62.847,63.3695,1066061
2017-05-16,Pentair plc.,PNR,Industrials,63.5243,63.5437,62.9244,63.3792,862315
2017-05-17,Pentair plc.,PNR,Industrials,62.6922,63.4566,62.3825,63.1082,1571826
2017-05-18,Pentair plc.,PNR,Industrials,64.3468,64.5113,63.2437,63.8146,1185223
2017-05-19,Pentair plc.,PNR,Industrials,64.221,65.2951,63.9501,64.937,868217
2017-05-22,Pentair plc.,PNR,Industrials,65.3241,65.6531,65.1209,65.4596,667831
2017-05-23,Pentair plc.,PNR,Industrials,65.4886,65.5079,63.7953,64.0081,1339699
2017-05-24,Pentair plc.,PNR,Industrials,64.1146,64.6564,64.1049,64.4339,674009
2017-05-25,Pentair plc.,PNR,Industrials,64.5403,64.7629,63.921,64.3952,569195
2017-05-26,Pentair plc.,PNR,Industrials,64.2984,64.2984,63.7662,64.1049,1090672
2017-05-30,Pentair plc.,PNR,Industrials,64.0759,64.6468,63.8436,64.4919,439338
2017-05-31,Pentair plc.,PNR,Industrials,64.3468,64.3662,63.4663,64.0759,1399586
2017-06-01,Pentair plc.,PNR,Industrials,64.0178,64.579,62.9341,64.0952,1477925
2017-06-02,Pentair plc.,PNR,Industrials,64.0759,64.5306,63.7662,64.0565,822937
2017-06-05,Pentair plc.,PNR,Industrials,63.9888,64.1678,63.2147,63.2437,673899
2017-06-06,Pentair plc.,PNR,Industrials,62.876,62.9147,62.0729,62.5954,1122328
2017-06-07,Pentair plc.,PNR,Industrials,62.6438,62.9728,61.7729,62.2761,794780
2017-06-08,Pentair plc.,PNR,Industrials,62.1793,62.8954,61.7826,62.6438,926557
2017-06-09,Pentair plc.,PNR,Industrials,62.6244,64.2791,62.6051,64.1146,1266644
2017-06-12,Pentair plc.,PNR,Industrials,64.3178,64.9274,63.863,64.1823,667944
2017-06-13,Pentair plc.,PNR,Industrials,64.0178,64.5016,63.7372,64.3758,519255
2017-06-14,Pentair plc.,PNR,Industrials,64.6564,64.6951,63.9501,64.3468,722229
2017-06-15,Pentair plc.,PNR,Industrials,63.7662,64.3662,63.7275,64.2017,550970
2017-06-16,Pentair plc.,PNR,Industrials,64.3468,64.8693,64.0855,64.521,1033381
2017-06-19,Pentair plc.,PNR,Industrials,64.6661,65.0628,64.2887,65.0628,587060
2017-06-20,Pentair plc.,PNR,Industrials,64.5984,64.6806,64.0275,64.3371,557608
2017-06-21,Pentair plc.,PNR,Industrials,64.4339,64.4339,62.7309,62.818,634074
2017-06-22,Pentair plc.,PNR,Industrials,62.8083,63.3308,62.6825,62.8567,844004
2017-06-23,Pentair plc.,PNR,Industrials,62.9244,63.5533,62.9244,63.505,1114837
2017-06-26,Pentair plc.,PNR,Industrials,63.6888,64.1436,63.1837,63.5146,419841
2017-06-27,Pentair plc.,PNR,Industrials,63.5533,63.8145,62.9534,62.9825,441506
2017-06-28,Pentair plc.,PNR,Industrials,63.4856,64.0759,63.3792,63.9114,625810
2017-06-29,Pentair plc.,PNR,Industrials,64.0759,64.2887,63.3114,63.4953,652352
2017-06-30,Pentair plc.,PNR,Industrials,63.7469,64.7822,63.505,64.3855,588221
2017-07-03,Pentair plc.,PNR,Industrials,64.8403,65.1402,64.4049,64.8596,413274
2017-07-05,Pentair plc.,PNR,Industrials,64.9177,65.0822,64.2984,64.5306,702747
2017-07-06,Pentair plc.,PNR,Industrials,64.3855,64.5597,63.4421,63.4856,857284
2017-07-07,Pentair plc.,PNR,Industrials,63.5921,64.6081,63.5921,64.4726,647410
2017-07-10,Pentair plc.,PNR,Industrials,64.4919,65.3628,64.0855,64.6951,597417
2017-07-11,Pentair plc.,PNR,Industrials,64.6274,64.9854,64.1823,64.4532,596191
2017-07-12,Pentair plc.,PNR,Industrials,65.0628,65.5757,65.0435,65.1306,541521
2017-07-13,Pentair plc.,PNR,Industrials,65.266,65.3144,64.6081,64.6274,650947
2017-07-14,Pentair plc.,PNR,Industrials,64.6758,64.7435,64.3274,64.3952,686358
2017-07-17,Pentair plc.,PNR,Industrials,64.2887,64.4629,64.071,64.3855,565550
2017-07-18,Pentair plc.,PNR,Industrials,64.2017,64.3565,63.6114,64.1339,592535
2017-07-19,Pentair plc.,PNR,Industrials,64.2555,64.4306,63.8956,64.2749,627644
2017-07-20,Pentair plc.,PNR,Industrials,64.2749,64.3625,63.1369,63.3509,1002974
2017-07-21,Pentair plc.,PNR,Industrials,63.2439,63.2439,62.4755,63.0007,865826
2017-07-24,Pentair plc.,PNR,Industrials,63.0105,63.1564,62.6117,62.8159,1027094
2017-07-25,Pentair plc.,PNR,Industrials,61.9891,62.6117,60.9678,61.5417,1671802
2017-07-26,Pentair plc.,PNR,Industrials,61.5806,61.6876,60.6079,60.6663,1159907
2017-07-27,Pentair plc.,PNR,Industrials,60.7636,60.9678,60.3842,60.7927,1129460
2017-07-28,Pentair plc.,PNR,Industrials,60.8414,61.6487,60.7052,61.5417,872587
2017-07-31,Pentair plc.,PNR,Industrials,61.5612,62.0183,61.1721,61.3472,970630
2017-08-01,Pentair plc.,PNR,Industrials,61.2596,61.7022,61.1235,61.4347,994993
2017-08-02,Pentair plc.,PNR,Industrials,60.5593,61.211,60.3745,60.9484,1145941
2017-08-03,Pentair plc.,PNR,Industrials,60.9678,61.2985,60.8122,61.1332,819542
2017-08-04,Pentair plc.,PNR,Industrials,61.2596,61.7022,61.1235,61.4347,994993
2017-08-07,Pentair plc.,PNR,Industrials,61.4542,61.5514,60.9289,61.1137,646654
2017-08-08,Pentair plc.,PNR,Industrials,60.997,61.2013,60.5496,60.5982,438390
2017-08-09,Pentair plc.,PNR,Industrials,60.676,60.884,60.3745,60.6663,631644
2017-08-10,Pentair plc.,PNR,Industrials,60.5204,60.5204,59.7726,59.8395,801511
2017-08-11,Pentair plc.,PNR,Industrials,59.7714,60.3745,59.3532,59.8881,558034
2017-08-14,Pentair plc.,PNR,Industrials,60.2675,60.9095,60.1848,60.8025,565988
2017-08-15,Pentair plc.,PNR,Industrials,60.7733,60.7733,60.0827,60.3356,664068
2017-08-16,Pentair plc.,PNR,Industrials,60.4328,60.9677,60.2334,60.676,587426
2017-08-17,Pentair plc.,PNR,Industrials,60.3842,60.7149,59.6742,59.6839,883448
2017-08-18,Pentair plc.,PNR,Industrials,59.3726,59.8979,59.2073,59.3045,720884
2017-08-21,Pentair plc.,PNR,Industrials,59.2754,59.5574,59.0225,59.2073,521422
2017-08-22,Pentair plc.,PNR,Industrials,59.4699,59.8784,59.3823,59.7228,685860
2017-08-23,Pentair plc.,PNR,Industrials,59.4018,59.7131,59.0808,59.0808,395069
2017-08-24,Pentair plc.,PNR,Industrials,59.217,59.4407,59.0905,59.3045,553022
2017-08-25,Pentair plc.,PNR,Industrials,59.5866,59.9757,59.5866,59.8298,416158
2017-08-28,Pentair plc.,PNR,Industrials,60.1994,60.2967,59.1586,59.2851,561772
2017-08-29,Pentair plc.,PNR,Industrials,58.7987,59.5185,57.5158,59.3921,670892
2017-08-30,Pentair plc.,PNR,Industrials,59.2754,59.5574,59.003,59.324,583807
2017-08-31,Pentair plc.,PNR,Industrials,59.5672,60.462,59.2462,60.355,1140796
2017-09-01,Pentair plc.,PNR,Industrials,60.5982,61.1235,60.4426,60.7733,691872
2017-09-05,Pentair plc.,PNR,Industrials,60.7149,60.7149,59.7811,59.8881,767094
2017-09-06,Pentair plc.,PNR,Industrials,60.1605,60.3842,59.7325,60.0535,597166
2017-09-07,Pentair plc.,PNR,Industrials,60.2091,60.2091,59.5769,59.9562,565517
2017-09-08,Pentair plc.,PNR,Industrials,59.7909,60.4815,59.5574,60.3259,461986
2017-09-11,Pentair plc.,PNR,Industrials,60.6079,62.0864,60.3842,61.9113,810648
2017-09-12,Pentair plc.,PNR,Industrials,62.1642,62.6603,62.0864,62.6603,457788
2017-09-13,Pentair plc.,PNR,Industrials,62.5047,63.1661,62.402,62.777,578721
2017-09-14,Pentair plc.,PNR,Industrials,67.3671,67.9535,67.1227,67.631,963758
2017-09-15,Pentair plc.,PNR,Industrials,63.0105,63.1953,62.5144,62.8354,1545737
2017-09-18,Pentair plc.,PNR,Industrials,62.9716,63.847,62.777,63.7497,779149
2017-09-19,Pentair plc.,PNR,Industrials,63.7497,64.8099,63.5454,64.7807,856993
2017-09-20,Pentair plc.,PNR,Industrials,65.0142,65.5394,64.7516,65.2671,1920954
2017-09-21,Pentair plc.,PNR,Industrials,65.2671,65.5492,64.9169,64.9558,605475
2017-09-22,Pentair plc.,PNR,Industrials,64.9656,65.2963,64.8197,65.2185,792729
2017-09-25,Pentair plc.,PNR,Industrials,65.199,65.4227,64.6057,65.1504,857232
2017-09-26,Pentair plc.,PNR,Industrials,65.1504,65.1893,64.2069,64.5473,758759
2017-09-27,Pentair plc.,PNR,Industrials,64.7418,65.2476,63.7205,65.1893,1282130
2017-09-28,Pentair plc.,PNR,Industrials,65.1698,65.3352,64.6446,65.3352,1107065
2017-09-29,Pentair plc.,PNR,Industrials,65.4519,66.6288,65.1798,66.1036,1567514
2017-10-02,Pentair plc.,PNR,Industrials,66.0452,67.4362,65.9431,67.4362,1224186
2017-10-03,Pentair plc.,PNR,Industrials,67.5432,67.8933,67.2805,67.728,986597
2017-10-04,Pentair plc.,PNR,Industrials,67.7863,68.5839,67.4751,68.1268,1135303
2017-10-05,Pentair plc.,PNR,Industrials,68.0879,68.1414,67.3973,67.6793,931741
2017-10-06,Pentair plc.,PNR,Industrials,67.4167,68.1657,67.3729,68.1073,803712
2017-10-09,Pentair plc.,PNR,Industrials,68.1949,68.3019,67.6988,68.0879,707976
2017-10-10,Pentair plc.,PNR,Industrials,68.331,68.331,67.762,68.0392,836133
2017-10-11,Pentair plc.,PNR,Industrials,68.0198,68.331,67.7182,68.0392,574579
2017-10-12,Pentair plc.,PNR,Industrials,67.7474,68.4672,67.6696,67.9809,1263834
2017-10-13,Pentair plc.,PNR,Industrials,68.3699,68.4283,67.8642,68.0684,961196
2017-10-16,Pentair plc.,PNR,Industrials,68.5742,69.1967,68.2532,69.1578,806850
2017-10-17,Pentair plc.,PNR,Industrials,68.9536,69.4107,68.3116,68.4964,841663
2017-10-18,Pentair plc.,PNR,Industrials,68.4478,68.7396,68.156,68.5742,586784
2017-10-19,Pentair plc.,PNR,Industrials,68.3054,69.1167,68.0708,69.1167,547593
2017-10-20,Pentair plc.,PNR,Industrials,69.4784,69.6934,69.0581,69.5664,702524
2017-10-23,Pentair plc.,PNR,Industrials,69.625,69.8303,69.0581,69.2243,878160
2017-10-24,Pentair plc.,PNR,Industrials,67.4453,70.0356,67.4453,68.9897,1512556
2017-10-25,Pentair plc.,PNR,Industrials,69.2536,69.7912,68.5596,69.3415,887958
2017-10-26,Pentair plc.,PNR,Industrials,69.8401,69.9867,69.4979,69.5566,873606
2017-10-27,Pentair plc.,PNR,Industrials,69.4784,69.6446,68.413,68.5498,890721
2017-10-30,Pentair plc.,PNR,Industrials,68.4227,68.7355,68.0806,68.5205,776087
2017-10-31,Pentair plc.,PNR,Industrials,68.5596,69.2927,68.4227,68.8724,902306
2017-11-01,Pentair plc.,PNR,Industrials,68.9017,69.0385,67.6701,67.6994,1065056
2017-11-02,Pentair plc.,PNR,Industrials,67.846,68.4227,67.4355,68.3543,857097
2017-11-03,Pentair plc.,PNR,Industrials,68.1979,68.3152,67.3231,67.7972,841321
2017-11-06,Pentair plc.,PNR,Industrials,67.8656,68.1588,67.6017,67.9144,901744
2017-11-07,Pentair plc.,PNR,Industrials,67.934,67.9535,67.0054,67.3866,710688
2017-11-08,Pentair plc.,PNR,Industrials,67.3182,67.631,67.0934,67.6114,478773
2017-11-09,Pentair plc.,PNR,Industrials,67.0152,67.4453,66.3114,66.634,911241
2017-11-10,Pentair plc.,PNR,Industrials,66.3114,66.5851,65.7542,66.5167,1043401
2017-11-13,Pentair plc.,PNR,Industrials,66.1355,66.9174,65.8715,66.7317,734669
2017-11-14,Pentair plc.,PNR,Industrials,66.2821,66.5362,65.9595,66.4873,656018
2017-11-15,Pentair plc.,PNR,Industrials,66.2625,66.4873,65.7738,65.9497,669874
2017-11-16,Pentair plc.,PNR,Industrials,66.1843,66.7219,65.7933,66.6926,1057749
2017-11-17,Pentair plc.,PNR,Industrials,66.2625,67.2204,65.9888,66.8979,1133726
2017-11-20,Pentair plc.,PNR,Industrials,67.0836,67.6505,66.7708,67.6017,887424
2017-11-21,Pentair plc.,PNR,Industrials,68.1588,68.6671,67.5332,67.7874,922341
2017-11-22,Pentair plc.,PNR,Industrials,67.8265,68.1881,67.7629,67.9438,630050
2017-11-24,Pentair plc.,PNR,Industrials,68.2272,68.3543,67.4257,67.6017,173177
2017-11-27,Pentair plc.,PNR,Industrials,67.5528,67.7385,67.2889,67.5528,654657
2017-11-28,Pentair plc.,PNR,Industrials,67.8265,67.9633,67.3964,67.7581,2153021
2017-11-29,Pentair plc.,PNR,Industrials,67.7092,67.8753,67.2107,67.7581,1480561
2017-11-30,Pentair plc.,PNR,Industrials,68.1588,69.7032,68.1393,69.5566,1810572
2017-12-01,Pentair plc.,PNR,Industrials,69.7912,70.1431,67.7972,68.6084,1050867
2017-12-04,Pentair plc.,PNR,Industrials,69.107,69.3025,67.6017,67.6017,929968
2017-12-05,Pentair plc.,PNR,Industrials,67.7483,67.7483,66.8686,67.0054,736974
2017-12-06,Pentair plc.,PNR,Industrials,66.7219,67.934,66.7219,67.6701,1474310
2017-12-07,Pentair plc.,PNR,Industrials,67.5137,68.2468,67.4208,67.8558,947998
2017-12-08,Pentair plc.,PNR,Industrials,68.1099,68.8821,67.9731,68.3739,799488
2017-12-11,Pentair plc.,PNR,Industrials,68.2468,68.7673,68.1197,68.1979,824961
2017-12-12,Pentair plc.,PNR,Industrials,68.1979,68.931,68.0708,68.1099,1100410
2017-12-13,Pentair plc.,PNR,Industrials,67.9829,68.5889,67.7092,68.0708,1163372
2017-12-14,Pentair plc.,PNR,Industrials,68.1295,68.2908,67.2791,67.2889,1114601
2017-12-15,Pentair plc.,PNR,Industrials,67.7092,67.7776,66.4678,66.634,1680047
2017-12-18,Pentair plc.,PNR,Industrials,67.4648,67.7092,66.9859,67.3377,1397193
2017-12-19,Pentair plc.,PNR,Industrials,67.3671,67.9535,67.1227,67.631,963758
2017-12-20,Pentair plc.,PNR,Industrials,68.1979,68.584,67.9144,68.2077,680842
2017-12-21,Pentair plc.,PNR,Industrials,68.325,68.8626,68.1442,68.5889,502209
2017-12-22,Pentair plc.,PNR,Industrials,68.3348,68.8235,67.9242,68.1588,378443
2017-12-26,Pentair plc.,PNR,Industrials,68.325,68.325,67.7385,67.8167,234446
2017-12-27,Pentair plc.,PNR,Industrials,67.8656,67.9731,67.5919,67.8362,460706
2017-12-28,Pentair plc.,PNR,Industrials,68.1784,68.7551,67.8167,68.5596,647111
2017-12-29,Pentair plc.,PNR,Industrials,68.7551,69.3513,68.4765,69.0288,661264
2018-01-02,Pentair plc.,PNR,Industrials,69.4002,69.8498,68.325,68.6475,1006582
2018-01-03,Pentair plc.,PNR,Industrials,68.6475,69.2634,68.4325,69.2047,1069868
2018-01-04,Pentair plc.,PNR,Industrials,69.2829,70.9739,69.2047,70.9153,1006316
2018-01-05,Pentair plc.,PNR,Industrials,71.0717,71.1401,70.4363,71.0228,737926
2018-01-08,Pentair plc.,PNR,Industrials,71.0521,71.2036,70.5438,70.9544,649507
2018-01-09,Pentair plc.,PNR,Industrials,70.8273,71.5018,70.6318,71.2378,666357
2018-01-10,Pentair plc.,PNR,Industrials,71.1499,72.0198,70.7393,71.7559,980662
2018-01-11,Pentair plc.,PNR,Industrials,71.9612,72.6161,71.758,72.4597,680471
2018-01-12,Pentair plc.,PNR,Industrials,72.5965,72.792,71.9416,72.098,1429150
2018-01-16,Pentair plc.,PNR,Industrials,72.3326,73.1537,71.7363,71.9025,712897
2018-01-17,Pentair plc.,PNR,Industrials,72.3326,72.3326,71.6972,71.9221,851783
2018-01-18,Pentair plc.,PNR,Industrials,71.9905,72.0882,71.6484,71.9025,731971
2018-01-19,Pentair plc.,PNR,Industrials,72.1958,72.9777,71.8732,72.3131,774349
2018-01-22,Pentair plc.,PNR,Industrials,72.2055,72.3033,71.3063,72.274,673016
2018-01-23,Pentair plc.,PNR,Industrials,71.5897,71.707,70.8175,71.5213,1319205
2018-01-24,Pentair plc.,PNR,Industrials,72.0198,72.3131,71.3942,71.795,989411
2018-01-25,Pentair plc.,PNR,Industrials,72.1584,72.6396,71.3628,72.0405,816417
2018-01-26,Pentair plc.,PNR,Industrials,72.4137,72.8066,72.07,72.6986,637028
2018-01-29,Pentair plc.,PNR,Industrials,72.345,73.0669,71.9914,72.4923,1553905
2018-01-30,Pentair plc.,PNR,Industrials,68.9468,70.7343,66.9825,70.3709,2939471
2018-01-31,Pentair plc.,PNR,Industrials,72.728,72.728,69.6048,70.2235,1955792
2018-02-01,Pentair plc.,PNR,Industrials,69.7325,71.0289,69.153,70.8718,1192183
2018-02-02,Pentair plc.,PNR,Industrials,70.5575,70.8521,69.8798,69.9682,1359906
2018-02-05,Pentair plc.,PNR,Industrials,69.7423,70.0664,66.9825,67.061,1859974
2018-02-06,Pentair plc.,PNR,Industrials,66.02,67.6798,65.3619,67.2575,2013102
2018-02-07,Pentair plc.,PNR,Industrials,66.9039,68.3476,66.9039,67.4244,1643763
2018-02-08,Pentair plc.,PNR,Industrials,67.4441,67.5816,65.4405,65.4798,1410816
2018-02-09,Pentair plc.,PNR,Industrials,66.2458,66.6191,63.6628,65.8923,1493911
2018-02-12,Pentair plc.,PNR,Industrials,66.2262,68.5441,66.1083,67.7976,1808009
2018-02-13,Pentair plc.,PNR,Industrials,67.5325,68.3771,67.1887,68.1512,1030874
2018-02-14,Pentair plc.,PNR,Industrials,67.611,69.5851,67.5816,69.5459,1540531
2018-02-15,Pentair plc.,PNR,Industrials,69.9093,69.9093,68.7994,69.3887,1106702
2018-02-16,Pentair plc.,PNR,Industrials,69.2218,70.4593,68.8878,69.5655,1227874
2018-02-20,Pentair plc.,PNR,Industrials,69.153,70.0664,69.0155,69.3298,656585
2018-02-21,Pentair plc.,PNR,Industrials,69.2414,70.5575,69.2414,69.3789,636459
2018-02-22,Pentair plc.,PNR,Industrials,69.8012,70.695,69.5066,69.8209,754690
2018-02-23,Pentair plc.,PNR,Industrials,70.086,70.2825,69.6048,70.1155,682859
2018-02-26,Pentair plc.,PNR,Industrials,70.3316,70.3905,69.428,70.0762,931576
2018-02-27,Pentair plc.,PNR,Industrials,70.0468,70.636,69.2807,69.2807,717380
2018-02-28,Pentair plc.,PNR,Industrials,69.5557,69.5557,67.4637,67.4637,1048617
2018-03-01,Pentair plc.,PNR,Industrials,67.5914,67.5914,65.1262,65.7646,921508
2018-03-02,Pentair plc.,PNR,Industrials,65.136,66.1967,64.9789,66.0298,807721
2018-03-05,Pentair plc.,PNR,Industrials,65.7351,66.7271,65.3128,66.4521,846629
2018-03-06,Pentair plc.,PNR,Industrials,66.786,67.4735,66.5159,67.2967,637215
2018-03-07,Pentair plc.,PNR,Industrials,66.511,68.2593,66.3637,68.0825,1065972
2018-03-08,Pentair plc.,PNR,Industrials,68.1119,69.0646,67.1789,69.0155,1292338
2018-03-09,Pentair plc.,PNR,Industrials,69.3985,70.6262,69.1923,70.5378,1204229
2018-03-12,Pentair plc.,PNR,Industrials,70.695,70.695,69.703,69.9191,952890
2018-03-13,Pentair plc.,PNR,Industrials,69.9977,70.4789,68.3427,68.7209,870946
2018-03-14,Pentair plc.,PNR,Industrials,69.2021,69.7718,68.6423,69.3789,1083545
2018-03-15,Pentair plc.,PNR,Industrials,69.5753,71.6084,69.5753,70.8423,1464850
2018-03-16,Pentair plc.,PNR,Industrials,70.9111,71.7655,70.6557,71.4414,1476552
2018-03-19,Pentair plc.,PNR,Industrials,71.3039,71.3039,69.5901,70.4102,1048494
2018-03-20,Pentair plc.,PNR,Industrials,70.695,71.3334,70.253,70.5084,1257697
2018-03-21,Pentair plc.,PNR,Industrials,70.6164,71.3137,70.3021,70.4691,887785
2018-03-22,Pentair plc.,PNR,Industrials,69.7128,70.1008,68.2703,68.3673,902509
2018-03-23,Pentair plc.,PNR,Industrials,68.6521,68.711,65.9316,66.1083,1182585
2018-03-26,Pentair plc.,PNR,Industrials,66.9726,68.1021,66.4325,67.9351,936056
2018-03-27,Pentair plc.,PNR,Industrials,68.0137,68.4164,66.6584,67.061,990548
2018-03-28,Pentair plc.,PNR,Industrials,67.0905,67.4048,66.2164,66.678,1150099
2018-03-29,Pentair plc.,PNR,Industrials,67.1003,67.7485,66.4816,66.9137,1729424
2018-04-02,Pentair plc.,PNR,Industrials,67.8566,68.328,65.0083,66.0592,1174135
2018-04-03,Pentair plc.,PNR,Industrials,66.2458,67.7289,66.0396,67.6798,1833207
2018-04-04,Pentair plc.,PNR,Industrials,66.7173,68.7209,66.7173,68.6423,1544645
2018-04-05,Pentair plc.,PNR,Industrials,68.8093,69.3593,68.4753,69.1923,985568
2018-04-06,Pentair plc.,PNR,Industrials,68.7307,68.7454,66.2066,66.8646,897790
2018-04-09,Pentair plc.,PNR,Industrials,67.1985,68.161,66.9314,67.2084,605729
2018-04-10,Pentair plc.,PNR,Industrials,68.1512,68.9075,67.7289,68.4851,668236
2018-04-11,Pentair plc.,PNR,Industrials,67.9057,68.3968,67.4588,68.2789,718483
2018-04-12,Pentair plc.,PNR,Industrials,68.6738,69.6017,68.4467,69.1772,687045
2018-04-13,Pentair plc.,PNR,Industrials,69.6905,69.7892,68.9403,69.1081,696885
2018-04-16,Pentair plc.,PNR,Industrials,69.7004,69.7892,69.0094,69.4339,658727
2018-04-17,Pentair plc.,PNR,Industrials,69.7892,70.5834,69.6313,70.2926,899955
2018-04-18,Pentair plc.,PNR,Industrials,70.648,71.3489,70.4407,70.9738,1069385
2018-04-19,Pentair plc.,PNR,Industrials,71.6154,72.0201,69.651,70.2235,2688188
2018-04-20,Pentair plc.,PNR,Industrials,70.0656,70.0656,68.9304,69.5424,1468621
2018-04-23,Pentair plc.,PNR,Industrials,69.7399,70.0064,68.3283,68.4073,1240311
2018-04-24,Pentair plc.,PNR,Industrials,68.8317,69.3351,65.4064,66.2455,1327517
2018-04-25,Pentair plc.,PNR,Industrials,66.2455,66.9759,65.5742,66.7686,987262
2018-04-26,Pentair plc.,PNR,Industrials,66.8377,66.9068,65.5644,66.7094,862706
2018-04-27,Pentair plc.,PNR,Industrials,66.5317,66.9266,65.6433,66.3935,1594231
2018-04-30,Pentair plc.,PNR,Industrials,66.7884,66.8575,65.9592,66.4133,1514421
2018-05-01,Pentair plc.,PNR,Industrials,44.6375,45.1211,43.1963,44.2426,4870582
2018-05-02,Pentair plc.,PNR,Industrials,44.0551,45.1606,43.9366,44.8349,4830442
2018-05-03,Pentair plc.,PNR,Industrials,44.4795,44.5684,43.0285,43.374,5311903
2018-05-04,Pentair plc.,PNR,Industrials,43.2851,43.9021,42.9495,43.7293,2750712
2018-05-07,Pentair plc.,PNR,Industrials,43.7984,44.3364,43.7491,43.8576,2421576
2018-05-08,Pentair plc.,PNR,Industrials,43.9662,44.0649,43.3346,43.8675,2818816
2018-05-09,Pentair plc.,PNR,Industrials,44.0353,44.134,43.5714,43.9761,1737410
2018-05-10,Pentair plc.,PNR,Industrials,44.1143,44.1633,43.6405,43.8182,1735319
2018-05-11,Pentair plc.,PNR,Industrials,43.8182,44.1587,43.7071,44.0945,1911701
2018-05-14,Pentair plc.,PNR,Industrials,44.1044,44.6868,43.9761,44.2525,1582558
2018-05-15,Pentair plc.,PNR,Industrials,44.4203,44.7164,44.0353,44.4203,2248650
2018-05-16,Pentair plc.,PNR,Industrials,44.4302,45.2199,44.4302,45.0323,1812500
2018-05-17,Pentair plc.,PNR,Industrials,44.4598,45.4765,44.4598,45.131,1838912
2018-05-18,Pentair plc.,PNR,Industrials,44.983,45.5851,44.9336,45.4272,1690040
2018-05-21,Pentair plc.,PNR,Industrials,45.743,46.3254,45.7282,45.901,1683725
2018-05-22,Pentair plc.,PNR,Industrials,45.9503,45.9799,45.2297,45.2593,1057932
2018-05-23,Pentair plc.,PNR,Industrials,45.0027,45.1409,44.4993,44.8941,936170
2018-05-24,Pentair plc.,PNR,Industrials,44.7362,44.9435,44.4795,44.8349,1033899
2018-05-25,Pentair plc.,PNR,Industrials,44.6769,44.7559,44.2426,44.4499,803889
2018-05-29,Pentair plc.,PNR,Industrials,44.1834,44.4697,43.3049,43.601,1095994
2018-05-30,Pentair plc.,PNR,Industrials,43.8379,44.4302,43.601,44.1439,1231465
2018-05-31,Pentair plc.,PNR,Industrials,44.2327,44.2327,42.683,43.0778,2010329
2018-06-01,Pentair plc.,PNR,Industrials,43.3838,43.8873,43.1,43.295,1168324
2018-06-04,Pentair plc.,PNR,Industrials,43.5418,43.6602,42.7422,43.0877,1556078
2018-06-05,Pentair plc.,PNR,Industrials,43.1765,43.374,43.0285,43.2654,1318911
2018-06-06,Pentair plc.,PNR,Industrials,43.4727,43.7491,43.1469,43.7491,1788607
2018-06-07,Pentair plc.,PNR,Industrials,43.7885,44.519,43.7334,44.2624,2192831
2018-06-08,Pentair plc.,PNR,Industrials,44.1933,44.5684,44.0551,44.4203,1184394
2018-06-11,Pentair plc.,PNR,Industrials,44.4697,44.7559,44.2031,44.3117,1109360
2018-06-12,Pentair plc.,PNR,Industrials,44.1834,44.3808,43.1963,43.5911,1980443
2018-06-13,Pentair plc.,PNR,Industrials,43.6207,43.68,42.9594,43.0087,2121942
2018-06-14,Pentair plc.,PNR,Industrials,43.1272,43.374,42.5349,43.216,1337330
2018-06-15,Pentair plc.,PNR,Industrials,42.9791,43.3147,42.3375,43.295,2373719
2018-06-18,Pentair plc.,PNR,Industrials,42.8903,43.5121,42.7422,43.3147,1032484
2018-06-19,Pentair plc.,PNR,Industrials,42.7915,42.9396,42.2092,42.5744,1271063
2018-06-20,Pentair plc.,PNR,Industrials,42.7521,42.9692,42.4461,42.8409,1306219
2018-06-21,Pentair plc.,PNR,Industrials,42.6632,42.7126,41.5478,41.607,1310946
2018-06-22,Pentair plc.,PNR,Industrials,42.071,42.6928,41.9278,42.0216,2619028
2018-06-25,Pentair plc.,PNR,Industrials,41.7946,41.992,41.3602,41.8044,1590380
2018-06-26,Pentair plc.,PNR,Industrials,41.8834,42.071,41.6021,41.6465,1694482
2018-06-27,Pentair plc.,PNR,Industrials,41.8538,42.1697,41.2911,41.3109,1412124
2018-06-28,Pentair plc.,PNR,Industrials,41.3109,41.38,40.7482,41.2023,1477294
2018-06-29,Pentair plc.,PNR,Industrials,41.3504,41.9722,41.2319,41.5379,1493330
2018-07-02,Pentair plc.,PNR,Industrials,41.1332,41.5478,40.9062,41.4195,1004962
2018-07-03,Pentair plc.,PNR,Industrials,41.6564,42.2782,41.5823,41.7946,891394
2018-07-05,Pentair plc.,PNR,Industrials,42.1302,42.1302,41.5083,41.913,2117797
2018-07-06,Pentair plc.,PNR,Industrials,41.7946,41.7946,41.2122,41.7353,887380
2018-07-09,Pentair plc.,PNR,Industrials,41.834,42.7669,41.8143,42.7225,1087192
2018-07-10,Pentair plc.,PNR,Industrials,42.7619,43.1864,42.7225,42.9594,1225512
2018-07-11,Pentair plc.,PNR,Industrials,42.525,42.7027,41.9722,42.0611,885618
2018-07-12,Pentair plc.,PNR,Industrials,42.2486,42.4855,41.834,42.298,1257854
2018-07-13,Pentair plc.,PNR,Industrials,42.2585,43.0581,42.2585,42.9594,1195506
2018-07-16,Pentair plc.,PNR,Industrials,42.7817,42.9396,42.3671,42.5152,890664
2018-07-17,Pentair plc.,PNR,Industrials,42.4559,42.7817,42.3868,42.604,1730115
2018-07-18,Pentair plc.,PNR,Industrials,42.9594,43.3591,42.7225,43.216,956570
2018-07-19,Pentair plc.,PNR,Industrials,43.102,43.439,42.8543,43.33,1310633
2018-07-20,Pentair plc.,PNR,Industrials,43.1516,43.8453,43.0426,43.4985,1072158
2018-07-23,Pentair plc.,PNR,Industrials,43.2507,43.5777,42.9732,43.4588,1783558
2018-07-24,Pentair plc.,PNR,Industrials,43.7264,44.3805,43.5282,43.7859,2225010
2018-07-25,Pentair plc.,PNR,Industrials,43.2507,44.0237,41.2685,41.5361,4403399
2018-07-26,Pentair plc.,PNR,Industrials,41.5857,43.5381,41.546,42.8642,5031591
2018-07-27,Pentair plc.,PNR,Industrials,43.0525,44.0336,42.5569,42.8741,2768226
2018-07-30,Pentair plc.,PNR,Industrials,43.0029,43.657,42.8146,42.9831,1736939
2018-07-31,Pentair plc.,PNR,Industrials,43.3993,44.4003,43.2507,44.2517,3140288
2018-08-01,Pentair plc.,PNR,Industrials,44.0832,44.2319,42.5867,42.8146,1476177
2018-08-02,Pentair plc.,PNR,Industrials,42.4975,43.0624,42.1803,42.9534,1665930
2018-08-03,Pentair plc.,PNR,Industrials,43.2507,43.6422,42.9919,43.5678,1343599
2018-08-06,Pentair plc.,PNR,Industrials,43.6273,43.9643,43.0723,43.5282,1455947
2018-08-07,Pentair plc.,PNR,Industrials,43.7462,44.0138,43.6868,43.7066,1388334
2018-08-08,Pentair plc.,PNR,Industrials,43.7165,43.776,43.0525,43.4588,1401441
2018-08-09,Pentair plc.,PNR,Industrials,43.4885,43.5579,43.1615,43.2903,1573606
2018-08-10,Pentair plc.,PNR,Industrials,43.0723,43.2497,42.4876,42.8939,1296614
2018-08-13,Pentair plc.,PNR,Industrials,42.8741,43.0326,42.1308,42.2497,1813180
2018-08-14,Pentair plc.,PNR,Industrials,42.3389,42.4975,42.0416,42.1209,1913954
2018-08-15,Pentair plc.,PNR,Industrials,41.8731,41.8731,40.6342,41.5857,2453922
2018-08-16,Pentair plc.,PNR,Industrials,41.6253,42.0614,41.4965,41.774,1651382
2018-08-17,Pentair plc.,PNR,Industrials,41.8434,42.4975,41.6352,42.4182,1409970
2018-08-20,Pentair plc.,PNR,Industrials,42.5173,42.9831,42.4479,42.884,1558427
2018-08-21,Pentair plc.,PNR,Industrials,42.8245,43.221,42.8245,43.1318,999802
2018-08-22,Pentair plc.,PNR,Industrials,43.0723,43.1119,42.5074,42.5173,1100723
2018-08-23,Pentair plc.,PNR,Industrials,42.4281,42.5905,42.0317,42.2794,974849
2018-08-24,Pentair plc.,PNR,Industrials,42.5173,42.547,42.203,42.4975,1000685
2018-08-27,Pentair plc.,PNR,Industrials,42.6858,43.3894,42.5074,43.0128,934710
2018-08-28,Pentair plc.,PNR,Industrials,43.1318,43.3002,42.9732,43.0624,971657
2018-08-29,Pentair plc.,PNR,Industrials,43.1417,43.439,42.7651,43.3399,857897
2018-08-30,Pentair plc.,PNR,Industrials,43.3201,43.5777,42.8146,42.9732,1143752
2018-08-31,Pentair plc.,PNR,Industrials,42.8543,43.1615,42.7452,43.0921,1149404
2018-09-04,Pentair plc.,PNR,Industrials,42.8741,42.9435,42.1555,42.5173,1247296
2018-09-05,Pentair plc.,PNR,Industrials,42.5173,43.1119,42.2596,43.0822,1854436
2018-09-06,Pentair plc.,PNR,Industrials,43.1417,43.5282,42.9633,43.0921,1531560
2018-09-07,Pentair plc.,PNR,Industrials,42.9038,43.0942,42.547,42.7056,1345631
2018-09-10,Pentair plc.,PNR,Industrials,42.9137,43.5084,42.9137,43.1912,1704768
2018-09-11,Pentair plc.,PNR,Industrials,42.8741,42.8741,42.0812,42.3984,1828644
2018-09-12,Pentair plc.,PNR,Industrials,42.2993,42.7849,42.1209,42.5074,1681532
2018-09-13,Pentair plc.,PNR,Industrials,42.7849,42.9335,42.5371,42.8146,1079518
2018-09-14,Pentair plc.,PNR,Industrials,42.8939,43.7958,42.8344,43.6769,1508525
2018-09-17,Pentair plc.,PNR,Industrials,43.7958,44.103,43.6372,43.9643,1441216
2018-09-18,Pentair plc.,PNR,Industrials,44.103,45.5847,43.8552,44.9058,2123839
2018-09-19,Pentair plc.,PNR,Industrials,45.0346,45.5698,44.5391,44.6878,2050332
2018-09-20,Pentair plc.,PNR,Industrials,44.8761,45.1635,44.0436,44.3706,1244537
2018-09-21,Pentair plc.,PNR,Industrials,44.4697,44.6977,44.2219,44.4796,1796879
2018-09-24,Pentair plc.,PNR,Industrials,44.3409,44.4003,43.3597,43.4489,925475
2018-09-25,Pentair plc.,PNR,Industrials,43.4786,43.657,43.2408,43.33,1563678
2018-09-26,Pentair plc.,PNR,Industrials,43.1119,43.6917,42.2398,43.2705,1440641
2018-09-27,Pentair plc.,PNR,Industrials,43.3993,43.4985,42.9583,43.0921,1073376
2018-09-28,Pentair plc.,PNR,Industrials,43.0921,43.2358,42.8245,42.9633,1213125
2018-10-01,Pentair plc.,PNR,Industrials,43.2606,43.4588,42.7452,42.9236,825350
2018-10-02,Pentair plc.,PNR,Industrials,42.775,43.2309,42.6362,43.0426,1101915
2018-10-03,Pentair plc.,PNR,Industrials,43.2705,43.4638,42.9038,43.0227,2084811
2018-10-04,Pentair plc.,PNR,Industrials,42.9137,43.548,42.7948,43.3201,1139747
2018-10-05,Pentair plc.,PNR,Industrials,43.2309,43.4093,42.3191,42.3488,968791
2018-10-08,Pentair plc.,PNR,Industrials,42.1704,42.3439,41.6897,42.2695,1118619
2018-10-09,Pentair plc.,PNR,Industrials,42.1407,42.2101,41.3181,41.3379,1148093
2018-10-10,Pentair plc.,PNR,Industrials,41.3577,41.3577,40.0891,40.1189,1365299
2018-10-11,Pentair plc.,PNR,Industrials,40.0495,40.0495,38.8305,38.8503,2187505
2018-10-12,Pentair plc.,PNR,Industrials,39.3855,39.5242,38.0178,38.6521,1545880
2018-10-15,Pentair plc.,PNR,Industrials,38.6124,39.0188,38.4935,38.6323,1271970
2018-10-16,Pentair plc.,PNR,Industrials,38.8305,39.2368,38.5332,39.1674,1401098
2018-10-17,Pentair plc.,PNR,Industrials,39.0089,39.1575,38.5332,38.8206,1330674
2018-10-18,Pentair plc.,PNR,Industrials,38.4672,38.8455,38.2183,38.5966,2279376
2018-10-19,Pentair plc.,PNR,Industrials,38.5269,38.6712,37.9395,38.2382,1739363
2018-10-22,Pentair plc.,PNR,Industrials,38.3776,38.5568,37.8599,37.8698,1866484
2018-10-23,Pentair plc.,PNR,Industrials,35.8987,39.174,35.8987,38.5866,5275382
2018-10-24,Pentair plc.,PNR,Industrials,39.4428,40.0998,37.8898,37.9296,3142763
2018-10-25,Pentair plc.,PNR,Industrials,38.288,38.9052,38.0092,38.6663,2124718
2018-10-26,Pentair plc.,PNR,Industrials,38.1984,39.5722,38.059,39.174,2237190
2018-10-29,Pentair plc.,PNR,Industrials,39.7116,39.8808,38.4871,38.8952,1690471
2018-10-30,Pentair plc.,PNR,Industrials,39.2039,39.831,38.9151,39.6419,2333961
2018-10-31,Pentair plc.,PNR,Industrials,40.1297,40.4582,39.7514,39.9704,2417351
2018-11-01,Pentair plc.,PNR,Industrials,40.1596,41.0555,39.9206,40.956,1566397
2018-11-02,Pentair plc.,PNR,Industrials,41.3442,41.7424,40.8873,41.4438,1310799
2018-11-05,Pentair plc.,PNR,Industrials,41.5732,41.8918,41.2945,41.6628,1575084
2018-11-06,Pentair plc.,PNR,Industrials,41.5433,42.3398,41.4438,42.1805,1126152
2018-11-07,Pentair plc.,PNR,Industrials,42.3099,42.9072,42.0809,42.8475,1011388
2018-11-08,Pentair plc.,PNR,Industrials,42.7579,43.1959,42.6982,43.0665,1005806
2018-11-09,Pentair plc.,PNR,Industrials,42.6882,42.8873,41.9877,42.3398,1430376
2018-11-12,Pentair plc.,PNR,Industrials,42.4094,42.4094,41.5135,41.6529,1273706
2018-11-13,Pentair plc.,PNR,Industrials,41.7823,42.3796,41.5035,41.6329,1067944
2018-11-14,Pentair plc.,PNR,Industrials,42.0013,42.4791,41.3741,41.6529,922868
2018-11-15,Pentair plc.,PNR,Industrials,41.3343,42.5339,41.1949,42.3099,1070853
2018-11-16,Pentair plc.,PNR,Industrials,42.0311,42.5687,41.9117,42.1008,1464137
2018-11-19,Pentair plc.,PNR,Industrials,42.0909,42.4493,41.7225,41.8022,1295282
2018-11-20,Pentair plc.,PNR,Industrials,41.404,41.8221,41.0804,41.165,927654
2018-11-21,Pentair plc.,PNR,Industrials,41.3442,42.1008,41.2447,41.404,723214
2018-11-23,Pentair plc.,PNR,Industrials,41.0555,41.9216,41.0157,41.6031,377438
2018-11-26,Pentair plc.,PNR,Industrials,41.8221,42.0909,41.185,41.5832,1150321
2018-11-27,Pentair plc.,PNR,Industrials,41.2745,41.5334,40.9858,41.4438,1183272
2018-11-28,Pentair plc.,PNR,Industrials,41.5234,42.6982,41.2447,42.6982,1344720
2018-11-29,Pentair plc.,PNR,Industrials,42.5588,42.6982,42.1506,42.28,1351284
2018-11-30,Pentair plc.,PNR,Industrials,42.2402,42.7778,41.9913,42.509,1712345
2018-12-03,Pentair plc.,PNR,Industrials,43.2059,43.5842,42.2601,42.3099,3708292
2018-12-04,Pentair plc.,PNR,Industrials,42.3099,42.3398,40.3622,40.3985,2172309
2018-12-06,Pentair plc.,PNR,Industrials,39.7315,40.1596,38.5319,40.0998,3120174
2018-12-07,Pentair plc.,PNR,Industrials,40.2691,40.4084,39.4428,39.5423,2255393
2018-12-10,Pentair plc.,PNR,Industrials,39.4627,39.7713,38.6364,39.5025,2475441
2018-12-11,Pentair plc.,PNR,Industrials,40.0401,40.1596,39.4229,39.5722,2043556
2018-12-12,Pentair plc.,PNR,Industrials,40.1795,40.1795,39.383,39.4129,1979037
2018-12-13,Pentair plc.,PNR,Industrials,39.6319,39.9505,39.3781,39.5125,1176325
2018-12-14,Pentair plc.,PNR,Industrials,39.2835,39.7215,38.7658,38.9351,1643491
2018-12-17,Pentair plc.,PNR,Industrials,38.9052,39.0346,37.8997,38.1486,1406485
2018-12-18,Pentair plc.,PNR,Industrials,38.3079,38.8455,38.049,38.3975,1701540
2018-12-19,Pentair plc.,PNR,Industrials,38.6464,39.174,37.5811,37.9893,2008552
2018-12-20,Pentair plc.,PNR,Industrials,37.9694,38.3577,37.0734,37.382,2235967
2018-12-21,Pentair plc.,PNR,Industrials,37.2526,37.6807,36.5159,36.5657,2526598
2018-12-24,Pentair plc.,PNR,Industrials,36.496,36.5956,35.62,35.6498,679303
2018-12-26,Pentair plc.,PNR,Industrials,35.6797,36.8843,35.1421,36.8544,1222376
2018-12-27,Pentair plc.,PNR,Industrials,36.0779,37.2825,35.96,37.2725,1098459
2018-12-28,Pentair plc.,PNR,Industrials,37.4219,37.6011,36.9241,37.1431,887570
2018-12-31,Pentair plc.,PNR,Industrials,37.2825,37.6666,37.2228,37.611,808969
2019-01-02,Pentair plc.,PNR,Industrials,36.954,37.8002,36.6951,37.6011,1052030
2019-01-03,Pentair plc.,PNR,Industrials,37.4418,37.4418,36.4164,36.4761,1620557
2019-01-04,Pentair plc.,PNR,Industrials,36.9341,37.9993,36.6653,37.9794,3221623
2019-01-07,Pentair plc.,PNR,Industrials,38.1088,38.8455,37.8002,38.3676,1694425
2019-01-08,Pentair plc.,PNR,Industrials,38.8156,39.5224,38.4473,39.4826,1406946
2019-01-09,Pentair plc.,PNR,Industrials,39.7116,40.2989,39.5822,40.06,1103544
2019-01-10,Pentair plc.,PNR,Industrials,39.8709,40.5478,39.6419,40.289,1760038
2019-01-11,Pentair plc.,PNR,Industrials,39.9405,40.3288,39.6917,40.2691,1244145
2019-01-14,Pentair plc.,PNR,Industrials,39.9704,40.3437,39.841,40.1994,964616
2019-01-15,Pentair plc.,PNR,Industrials,40.3188,40.3786,39.7414,40.0899,996392
2019-01-16,Pentair plc.,PNR,Industrials,40.0998,40.2392,39.9107,39.9903,1129625
2019-01-17,Pentair plc.,PNR,Industrials,39.7713,40.5827,39.6917,40.1795,1952114
2019-01-18,Pentair plc.,PNR,Industrials,40.498,41.2347,40.3587,40.9858,2391682
2019-01-22,Pentair plc.,PNR,Industrials,40.7171,40.7171,39.6821,39.9804,1391505
2019-01-23,Pentair plc.,PNR,Industrials,40.1098,40.4483,39.6319,40.06,1585279
2019-01-24,Pentair plc.,PNR,Industrials,40.15,40.69,40.02,40.46,2408692
2019-01-25,Pentair plc.,PNR,Industrials,40.95,41.39,40.66,41.06,1747937
2019-01-28,Pentair plc.,PNR,Industrials,40.69,40.785,40.33,40.54,1823383
2019-01-29,Pentair plc.,PNR,Industrials,42.1,42.6738,40.91,40.98,2494766
2019-01-30,Pentair plc.,PNR,Industrials,41.45,41.46,40.82,41.19,2281480
2019-01-31,Pentair plc.,PNR,Industrials,41.21,41.26,40.49,41.19,3115445
2019-02-01,Pentair plc.,PNR,Industrials,41.28,41.74,40.93,41.0,1646268
2019-02-04,Pentair plc.,PNR,Industrials,40.98,41.21,40.68,41.19,1548396
2019-02-05,Pentair plc.,PNR,Industrials,41.1,41.49,41.05,41.47,1513151
2019-02-06,Pentair plc.,PNR,Industrials,41.45,41.71,41.35,41.5,1337978
2019-02-07,Pentair plc.,PNR,Industrials,41.26,41.41,40.58,40.94,884605
2019-02-08,Pentair plc.,PNR,Industrials,40.78,41.14,40.45,41.0,1127384
2019-02-11,Pentair plc.,PNR,Industrials,41.12,41.28,40.96,41.09,1239200
2019-02-12,Pentair plc.,PNR,Industrials,41.38,41.98,41.37,41.8,1344578
2019-02-13,Pentair plc.,PNR,Industrials,42.01,42.31,41.92,42.23,1264966
2019-02-14,Pentair plc.,PNR,Industrials,42.04,42.21,41.77,41.83,1025259
2019-02-15,Pentair plc.,PNR,Industrials,42.16,42.72,42.12,42.72,1438820
2019-02-19,Pentair plc.,PNR,Industrials,42.5,42.835,42.28,42.48,1173148
2019-02-20,Pentair plc.,PNR,Industrials,42.6,42.96,42.4174,42.79,1336878
2019-02-21,Pentair plc.,PNR,Industrials,42.65,42.91,42.3263,42.54,1160168
2019-02-22,Pentair plc.,PNR,Industrials,42.74,43.07,42.53,43.05,843103
2019-02-25,Pentair plc.,PNR,Industrials,43.38,43.635,42.56,43.27,2112815
2019-02-26,Pentair plc.,PNR,Industrials,43.26,43.41,42.98,42.98,1103775
2019-02-27,Pentair plc.,PNR,Industrials,43.01,43.179,42.68,43.07,643045
2019-02-28,Pentair plc.,PNR,Industrials,43.08,43.08,42.5,42.54,2219933
2019-03-01,Pentair plc.,PNR,Industrials,42.71,42.98,42.44,42.68,1126618
2019-03-04,Pentair plc.,PNR,Industrials,42.88,43.1,42.44,42.87,1570736
2019-03-05,Pentair plc.,PNR,Industrials,42.94,42.94,42.53,42.55,1207042
2019-03-06,Pentair plc.,PNR,Industrials,42.58,42.825,42.23,42.23,1152319
2019-03-07,Pentair plc.,PNR,Industrials,42.14,42.14,41.51,41.75,1480292
2019-03-08,Pentair plc.,PNR,Industrials,41.37,41.67,41.2,41.64,1283023
2019-03-11,Pentair plc.,PNR,Industrials,41.61,42.725,41.61,42.7,1548686
2019-03-12,Pentair plc.,PNR,Industrials,42.76,42.8,42.4,42.53,1214285
2019-03-13,Pentair plc.,PNR,Industrials,42.76,42.94,42.58,42.79,1036811
2019-03-14,Pentair plc.,PNR,Industrials,42.7,42.7,42.43,42.56,1031345
2019-03-15,Pentair plc.,PNR,Industrials,42.59,42.87,42.52,42.62,1414760
2019-03-18,Pentair plc.,PNR,Industrials,42.64,43.7,42.64,43.59,1519082
2019-03-19,Pentair plc.,PNR,Industrials,43.85,44.04,43.49,43.64,1371214
2019-03-20,Pentair plc.,PNR,Industrials,43.58,43.65,42.81,43.17,1239264
2019-03-21,Pentair plc.,PNR,Industrials,43.17,43.71,43.0051,43.51,1550369
2019-03-22,Pentair plc.,PNR,Industrials,43.3,43.43,42.19,42.26,982296
2019-03-25,Pentair plc.,PNR,Industrials,42.27,42.725,42.26,42.58,1049185
2019-03-26,Pentair plc.,PNR,Industrials,44.28,44.28,43.26,43.3,1572523
2019-03-27,Pentair plc.,PNR,Industrials,43.36,43.57,43.1,43.43,1202545
2019-03-28,Pentair plc.,PNR,Industrials,43.71,44.16,43.57,43.93,1049993
2019-03-29,Pentair plc.,PNR,Industrials,44.26,44.63,44.11,44.51,1597751
2019-04-01,Pentair plc.,PNR,Industrials,44.9,45.6,44.84,45.49,1694408
2019-04-02,Pentair plc.,PNR,Industrials,45.49,45.7,44.89,45.06,2055390
2019-04-03,Pentair plc.,PNR,Industrials,45.36,45.47,44.755,44.9,1399377
2019-04-04,Pentair plc.,PNR,Industrials,44.87,45.19,44.74,45.11,913404
2019-04-05,Pentair plc.,PNR,Industrials,45.13,45.34,45.04,45.21,922350
2019-04-08,Pentair plc.,PNR,Industrials,45.08,45.28,44.92,45.26,884658
2019-04-09,Pentair plc.,PNR,Industrials,40.1153,41.0,38.5,39.13,8596030
